ID,Name in English,Degree of endangerment,Country,Country code alpha 3
1022,South Italian,Vulnerable,Italy,ITA
1023,Sicilian,Vulnerable,Italy,ITA
383,Low Saxon,Vulnerable,Germany,DEU
383,Low Saxon,Vulnerable,Denmark,DNK
383,Low Saxon,Vulnerable,Netherlands,NLD
383,Low Saxon,Vulnerable,Poland,POL
383,Low Saxon,Vulnerable,Russian Federation,RUS
335,Belarusian,Vulnerable,Belarus,BLR
335,Belarusian,Vulnerable,Latvia,LVA
335,Belarusian,Vulnerable,Lithuania,LTU
335,Belarusian,Vulnerable,Poland,POL
335,Belarusian,Vulnerable,Russian Federation,RUS
335,Belarusian,Vulnerable,Ukraine,UKR
382,Lombard,Definitely endangered,Italy,ITA
382,Lombard,Definitely endangered,Switzerland,CHE
405,Romani,Definitely endangered,Albania,ALB
405,Romani,Definitely endangered,Germany,DEU
405,Romani,Definitely endangered,Austria,AUT
405,Romani,Definitely endangered,Belarus,BLR
405,Romani,Definitely endangered,Bosnia and Herzegovina,BIH
405,Romani,Definitely endangered,Bulgaria,BGR
405,Romani,Definitely endangered,Croatia,HRV
405,Romani,Definitely endangered,Estonia,EST
405,Romani,Definitely endangered,Finland,FIN
405,Romani,Definitely endangered,France,FRA
405,Romani,Definitely endangered,Greece,GRC
405,Romani,Definitely endangered,Hungary,HUN
405,Romani,Definitely endangered,Italy,ITA
405,Romani,Definitely endangered,Latvia,LVA
405,Romani,Definitely endangered,Lithuania,LTU
405,Romani,Definitely endangered,The former Yugoslav Republic of Macedonia,MKD
405,Romani,Definitely endangered,Netherlands,NLD
405,Romani,Definitely endangered,Poland,POL
405,Romani,Definitely endangered,Romania,ROU
405,Romani,Definitely endangered,United Kingdom of Great Britain and Northern Ireland,GBR
405,Romani,Definitely endangered,Russian Federation,RUS
405,Romani,Definitely endangered,Slovakia,SVK
405,Romani,Definitely endangered,Slovenia,SVN
405,Romani,Definitely endangered,Switzerland,CHE
405,Romani,Definitely endangered,Czech Republic,CZE
405,Romani,Definitely endangered,Turkey,TUR
405,Romani,Definitely endangered,Ukraine,UKR
405,Romani,Definitely endangered,Serbia,SRB
405,Romani,Definitely endangered,Montenegro,MNE
2211,Yiddish (Israel),Definitely endangered,Israel,ISR
1586,Gondi,Vulnerable,India,IND
1020,Limburgian-Ripuarian,Vulnerable,Germany,DEU
1020,Limburgian-Ripuarian,Vulnerable,Belgium,BEL
1020,Limburgian-Ripuarian,Vulnerable,Netherlands,NLD
1943,Quechua of Southern Bolivia,Vulnerable,Bolivia (Plurinational State of),BOL
1565,Kumaoni,Vulnerable,India,IND
1565,Kumaoni,Vulnerable,Nepal,NPL
755,Aymara,Vulnerable,Bolivia (Plurinational State of),BOL
755,Aymara,Vulnerable,Chile,CHL
755,Aymara,Vulnerable,Peru,PER
349,Emilian-Romagnol,Definitely endangered,Italy,ITA
349,Emilian-Romagnol,Definitely endangered,San Marino,SMR
399,Piedmontese,Definitely endangered,Italy,ITA
1021,Venetan,Vulnerable,Croatia,HRV
1021,Venetan,Vulnerable,Italy,ITA
1021,Venetan,Vulnerable,Slovenia,SVN
1985,Zazaki,Vulnerable,Turkey,TUR
1591,Kurux (India),Vulnerable,India,IND
2065,Tamajeq,Vulnerable,Niger,NER
1585,Tulu,Vulnerable,India,IND
1556,Kangdi,Definitely endangered,India,IND
410,Scots,Vulnerable,United Kingdom of Great Britain and Northern Ireland,GBR
1026,Torlak,Vulnerable,Albania,ALB
1026,Torlak,Vulnerable,Bulgaria,BGR
1026,Torlak,Vulnerable,The former Yugoslav Republic of Macedonia,MKD
1026,Torlak,Vulnerable,Romania,ROU
1026,Torlak,Vulnerable,Serbia,SRB
1476,West Flemish,Vulnerable,Belgium,BEL
1476,West Flemish,Vulnerable,France,FRA
1476,West Flemish,Vulnerable,Netherlands,NLD
334,Bashkir,Vulnerable,Russian Federation,RUS
1067,Chechen,Vulnerable,Russian Federation,RUS
338,Chuvash,Vulnerable,Russian Federation,RUS
1227,Meithei,Vulnerable,India,IND
1114,Tamang,Vulnerable,India,IND
1114,Tamang,Vulnerable,Nepal,NPL
1013,Quechua of Cuzco,Vulnerable,Peru,PER
1024,Eastern Slovak,Vulnerable,Slovakia,SVK
1024,Eastern Slovak,Vulnerable,Ukraine,UKR
377,Ligurian,Definitely endangered,France,FRA
377,Ligurian,Definitely endangered,Italy,ITA
377,Ligurian,Definitely endangered,Monaco,MCO
407,Rusyn,Vulnerable,Hungary,HUN
407,Rusyn,Vulnerable,Poland,POL
407,Rusyn,Vulnerable,Romania,ROU
407,Rusyn,Vulnerable,Slovakia,SVK
407,Rusyn,Vulnerable,Ukraine,UKR
1515,Talysh,Vulnerable,Azerbaijan,AZE
1515,Talysh,Vulnerable,Iran (Islamic Republic of),IRN
1577,Kui,Vulnerable,India,IND
1231,Khasi,Vulnerable,India,IND
1229,Bodo,Vulnerable,India,IND
337,Campidanese,Definitely endangered,Italy,ITA
1803,K'iche' (Guatemala),Vulnerable,Guatemala,GTM
989,Quechua of Ayacucho,Definitely endangered,Peru,PER
1117,Newar,Definitely endangered,Nepal,NPL
2222,Mon,Vulnerable,Myanmar,MMR
2222,Mon,Vulnerable,Thailand,THA
1523,Polesian,Vulnerable,Belarus,BLR
1523,Polesian,Vulnerable,Poland,POL
1523,Polesian,Vulnerable,Ukraine,UKR
701,Tamaceq,Definitely endangered,Mali,MLI
1069,Avar,Vulnerable,Russian Federation,RUS
1211,Mundari,Vulnerable,India,IND
425,Welsh,Vulnerable,United Kingdom of Great Britain and Northern Ireland,GBR
1202,Angika,Vulnerable,India,IND
1202,Angika,Vulnerable,Nepal,NPL
1827,Q'eqchi' (Guatemala),Vulnerable,Guatemala,GTM
398,Picard,Severely endangered,Belgium,BEL
398,Picard,Severely endangered,France,FRA
1228,Kokborok,Vulnerable,Bangladesh,BGD
1228,Kokborok,Vulnerable,India,IND
415,Basque,Vulnerable,Spain,ESP
415,Basque,Vulnerable,France,FRA
1065,Kabard-Cherkes,Vulnerable,Russian Federation,RUS
1065,Kabard-Cherkes,Vulnerable,Turkey,TUR
1559,Mandeali,Definitely endangered,India,IND
353,Friulian,Definitely endangered,Italy,ITA
997,Quechua of Ancash and Huánuco,Definitely endangered,Peru,PER
1947,Walloon,Definitely endangered,Belgium,BEL
1947,Walloon,Definitely endangered,France,FRA
1947,Walloon,Definitely endangered,Luxembourg,LUX
1091,Mising,Definitely endangered,India,IND
1066,Ossete,Vulnerable,Georgia,GEO
1066,Ossete,Vulnerable,Russian Federation,RUS
1230,Mizo,Vulnerable,India,IND
1070,Dargwa,Vulnerable,Russian Federation,RUS
331,Aromanian,Definitely endangered,Albania,ALB
331,Aromanian,Definitely endangered,Bulgaria,BGR
331,Aromanian,Definitely endangered,Greece,GRC
331,Aromanian,Definitely endangered,The former Yugoslav Republic of Macedonia,MKD
331,Aromanian,Definitely endangered,Serbia,SRB
2485,Brahui,Vulnerable,Iran (Islamic Republic of),IRN
2485,Brahui,Vulnerable,Pakistan,PAK
2485,Brahui,Vulnerable,Afghanistan,AFG
375,Languedocian,Severely endangered,France,FRA
1072,Lezgian,Vulnerable,Azerbaijan,AZE
1072,Lezgian,Vulnerable,Russian Federation,RUS
1558,Mahasui,Definitely endangered,India,IND
1118,Magar,Definitely endangered,Nepal,NPL
1822,Mam (Guatemala),Vulnerable,Guatemala,GTM
418,Udmurt,Definitely endangered,Russian Federation,RUS
1506,Huasteca Náhuatl,Vulnerable,Mexico,MEX
1074,Kumyk,Vulnerable,Russian Federation,RUS
508,Yakut,Vulnerable,Russian Federation,RUS
1801,Kaqchikel (Guatemala),Vulnerable,Guatemala,GTM
1165,Karbi,Vulnerable,India,IND
347,Eastern Mari,Definitely endangered,Russian Federation,RUS
1068,Ingush,Vulnerable,Russian Federation,RUS
350,Erzya,Definitely endangered,Russian Federation,RUS
1212,Ho,Vulnerable,India,IND
2165,Judezmo (Israel),Severely endangered,Israel,ISR
534,Lalo,Vulnerable,China,CHN
378,Limousin,Severely endangered,France,FRA
381,Logudorese,Definitely endangered,Italy,ITA
626,Mapuche (Chile),Definitely endangered,Chile,CHL
1503,Central Náhuatl,Vulnerable,Mexico,MEX
424,Moselle Franconian,Vulnerable,Germany,DEU
424,Moselle Franconian,Vulnerable,Belgium,BEL
424,Moselle Franconian,Vulnerable,France,FRA
424,Moselle Franconian,Vulnerable,Luxembourg,LUX
964,Bantawa,Vulnerable,Nepal,NPL
1424,Santa,Vulnerable,China,CHN
1057,Mingrelian,Definitely endangered,Georgia,GEO
426,West Frisian,Vulnerable,Netherlands,NLD
1113,Gurung,Definitely endangered,Nepal,NPL
295,Guajiro,Vulnerable,Colombia,COL
295,Guajiro,Vulnerable,Venezuela (Bolivarian Republic of),VEN
1075,Karachay-Balkar,Vulnerable,Russian Federation,RUS
1064,Adyge,Vulnerable,Iraq,IRQ
1064,Adyge,Vulnerable,Israel,ISR
1064,Adyge,Vulnerable,Jordan,JOR
1064,Adyge,Vulnerable,The former Yugoslav Republic of Macedonia,MKD
1064,Adyge,Vulnerable,Russian Federation,RUS
1064,Adyge,Vulnerable,Syrian Arab Republic,SYR
1064,Adyge,Vulnerable,Turkey,TUR
469,Buryat (Trans-Baikal),Definitely endangered,Russian Federation,RUS
1574,Kurru,Definitely endangered,India,IND
1578,Kuvi,Definitely endangered,India,IND
1028,Limbu,Definitely endangered,India,IND
1028,Limbu,Definitely endangered,Nepal,NPL
2452,Moroccan Judeo-Arabic (Israel),Definitely endangered,Israel,ISR
401,Plautdietsch,Definitely endangered,Ukraine,UKR
1078,Pontic Greek,Definitely endangered,Armenia,ARM
1078,Pontic Greek,Definitely endangered,Georgia,GEO
1078,Pontic Greek,Definitely endangered,Greece,GRC
1078,Pontic Greek,Definitely endangered,Russian Federation,RUS
1078,Pontic Greek,Definitely endangered,Turkey,TUR
1078,Pontic Greek,Definitely endangered,Ukraine,UKR
1935,"Quichua (Cotopaxi, Tungurahua and Chimborazo)",Definitely endangered,Ecuador,ECU
1479,Waxiang,Vulnerable,China,CHN
1434,Oyrat,Definitely endangered,China,CHN
1434,Oyrat,Definitely endangered,Kyrgyzstan,KGZ
1434,Oyrat,Definitely endangered,Mongolia,MNG
1563,Garhwali,Vulnerable,India,IND
1380,Bade,Vulnerable,Nigeria,NGA
336,Breton,Severely endangered,France,FRA
352,Gascon,Definitely endangered,Spain,ESP
352,Gascon,Definitely endangered,France,FRA
2245,Phula (China),Vulnerable,China,CHN
1205,Sora,Vulnerable,India,IND
1119,Konyak,Vulnerable,India,IND
1130,Ao,Vulnerable,India,IND
1234,Tuvan,Vulnerable,China,CHN
1234,Tuvan,Vulnerable,Mongolia,MNG
1234,Tuvan,Vulnerable,Russian Federation,RUS
1970,Nafusi,Severely endangered,Libyan Arab Jamahiriya,LBY
2232,Suret,Definitely endangered,Armenia,ARM
2232,Suret,Definitely endangered,Iran (Islamic Republic of),IRN
2232,Suret,Definitely endangered,Iraq,IRQ
2232,Suret,Definitely endangered,Syrian Arab Republic,SYR
2232,Suret,Definitely endangered,Turkey,TUR
1592,Malto,Definitely endangered,India,IND
1600,Khowar,Vulnerable,Pakistan,PAK
2481,Maiya,Vulnerable,Pakistan,PAK
373,Komi,Definitely endangered,Russian Federation,RUS
365,Alpine Provençal,Definitely endangered,France,FRA
365,Alpine Provençal,Definitely endangered,Italy,ITA
355,Gallo,Severely endangered,France,FRA
1384,Gera,Vulnerable,Nigeria,NGA
1570,Irula,Vulnerable,India,IND
1204,Kharia,Vulnerable,India,IND
847,Khorasani Turk,Vulnerable,Iran (Islamic Republic of),IRN
1210,Korku,Vulnerable,India,IND
328,Moksha,Definitely endangered,Russian Federation,RUS
7,Western Armenian (Middle East),Definitely endangered,Iraq,IRQ
7,Western Armenian (Middle East),Definitely endangered,Lebanon,LBN
7,Western Armenian (Middle East),Definitely endangered,Syrian Arab Republic,SYR
2225,Western Cham,Vulnerable,Cambodia,KHM
1258,Tshangla,Vulnerable,Bhutan,BTN
1258,Tshangla,Vulnerable,China,CHN
1258,Tshangla,Vulnerable,India,IND
1161,Thado,Vulnerable,India,IND
389,Gagauz (Bessarabia),Definitely endangered,Republic of Moldova,MDA
389,Gagauz (Bessarabia),Definitely endangered,Ukraine,UKR
1557,Kului,Definitely endangered,India,IND
981,Adi,Vulnerable,China,CHN
981,Adi,Vulnerable,India,IND
1132,Lhota,Vulnerable,India,IND
977,Nyishi,Vulnerable,India,IND
1898,Ngäbere (Panama),Vulnerable,Panama,PAN
1582,Kodagu,Definitely endangered,India,IND
340,Corsican,Definitely endangered,France,FRA
340,Corsican,Definitely endangered,Italy,ITA
1253,Dzongkha,Vulnerable,Bhutan,BTN
368,Kalmyk,Definitely endangered,Russian Federation,RUS
1071,Lak,Vulnerable,Russian Federation,RUS
332,Asturian-Leonese,Definitely endangered,Spain,ESP
332,Asturian-Leonese,Definitely endangered,Portugal,PRT
376,Latgalian,Vulnerable,Latvia,LVA
376,Latgalian,Vulnerable,Russian Federation,RUS
404,Provençal,Severely endangered,France,FRA
1174,Rabha,Vulnerable,India,IND
1996,Tamzabit,Vulnerable,Algeria,DZA
1128,Sherpa,Vulnerable,China,CHN
1128,Sherpa,Vulnerable,India,IND
1128,Sherpa,Vulnerable,Nepal,NPL
1154,Tangkhul,Vulnerable,India,IND
1826,Q'aanjob'al,Vulnerable,Guatemala,GTM
1569,Badaga,Definitely endangered,India,IND
1140,Angami,Vulnerable,India,IND
1056,Laz,Definitely endangered,Georgia,GEO
1056,Laz,Definitely endangered,Turkey,TUR
1073,Tabasaran,Vulnerable,Russian Federation,RUS
1553,Chambeali,Definitely endangered,India,IND
1076,Abkhaz,Vulnerable,Georgia,GEO
1076,Abkhaz,Vulnerable,Russian Federation,RUS
1076,Abkhaz,Vulnerable,Turkey,TUR
1129,Phom,Vulnerable,India,IND
1588,Kolami,Definitely endangered,India,IND
784,Navajo,Vulnerable,United States of America,USA
408,Sassarese,Definitely endangered,Italy,ITA
655,Tamahaq (Algeria),Vulnerable,Algeria,DZA
1590,Konda,Definitely endangered,India,IND
916,Sierra Totonac,Severely endangered,Mexico,MEX
1564,Jaunsari,Definitely endangered,India,IND
1167,Dimasa,Vulnerable,India,IND
1179,Ladakhi,Vulnerable,China,CHN
1179,Ladakhi,Vulnerable,India,IND
1429,Salar,Vulnerable,China,CHN
1136,Simi,Vulnerable,India,IND
904,Phurhepecha,Vulnerable,Mexico,MEX
342,Crimean Tatar (Crimea),Severely endangered,Ukraine,UKR
451,Dagur (Nonni),Definitely endangered,China,CHN
366,Francoprovençal,Definitely endangered,France,FRA
366,Francoprovençal,Definitely endangered,Italy,ITA
366,Francoprovençal,Definitely endangered,Switzerland,CHE
356,Gallurese,Definitely endangered,Italy,ITA
1754,Mapuche (Argentina),Severely endangered,Argentina,ARG
1620,Mehri,Definitely endangered,Oman,OMN
1620,Mehri,Definitely endangered,Yemen,YEM
1891,Miskito (Nicaragua),Vulnerable,Nicaragua,NIC
1233,Ordos,Definitely endangered,China,CHN
1944,Quechua of Northern Bolivia,Vulnerable,Bolivia (Plurinational State of),BOL
96,Suba,Vulnerable,Kenya,KEN
96,Suba,Vulnerable,United Republic of Tanzania,TZA
1861,Garífuna (Honduras),Vulnerable,Honduras,HND
292,Embera (Colombia),Vulnerable,Colombia,COL
1162,Kabui,Vulnerable,India,IND
760,Shughni,Vulnerable,Tajikistan,TJK
760,Shughni,Vulnerable,Afghanistan,AFG
397,Permyak,Definitely endangered,Russian Federation,RUS
1825,Poqomchi',Vulnerable,Guatemala,GTM
1135,Yimchungru,Vulnerable,India,IND
669,Nogay (Caucasus),Definitely endangered,Russian Federation,RUS
700,Heiban,Vulnerable,Sudan,SDN
1930,Quichua (Cañar and Azuay),Severely endangered,Ecuador,ECU
932,Mezquital Otomí,Definitely endangered,Mexico,MEX
940,Eastern Mazahua,Definitely endangered,Mexico,MEX
1599,Burushaski,Vulnerable,Pakistan,PAK
928,Central Otomí,Definitely endangered,Mexico,MEX
1141,Chokri,Vulnerable,India,IND
1133,Sangtam,Vulnerable,India,IND
1791,Ixil (Guatemala),Vulnerable,Guatemala,GTM
1777,Achi',Vulnerable,Guatemala,GTM
1686,Yem,Vulnerable,Ethiopia,ETH
1144,Mao,Vulnerable,India,IND
1347,Arbëresh,Definitely endangered,Italy,ITA
1765,Lari,Definitely endangered,Iran (Islamic Republic of),IRN
641,Páez,Definitely endangered,Colombia,COL
2303,Quechua of Santiago del Estero,Definitely endangered,Argentina,ARG
1058,Svan,Definitely endangered,Georgia,GEO
2236,Tai Daeng,Vulnerable,Lao People's Democratic Republic,LAO
2236,Tai Daeng,Vulnerable,Viet Nam,VNM
2163,Taznatit,Severely endangered,Algeria,DZA
2179,Razihi,Definitely endangered,Yemen,YEM
1379,Wakhi,Definitely endangered,China,CHN
1379,Wakhi,Definitely endangered,Pakistan,PAK
1379,Wakhi,Definitely endangered,Tajikistan,TJK
1379,Wakhi,Definitely endangered,Afghanistan,AFG
1568,Bishnupriya Manipuri Creole,Vulnerable,Bangladesh,BGD
1568,Bishnupriya Manipuri Creole,Vulnerable,India,IND
1713,Acheron,Severely endangered,Sudan,SDN
702,Maori,Vulnerable,New Zealand,NZL
2237,Tai Neua,Vulnerable,Lao People's Democratic Republic,LAO
1567,Bhadravahi,Definitely endangered,India,IND
1567,Bhadravahi,Definitely endangered,Pakistan,PAK
1562,Kinnauri,Definitely endangered,India,IND
1330,Gallo-Sicilian,Definitely endangered,Italy,ITA
1594,Kurux (Bangladesh),Vulnerable,Bangladesh,BGD
1831,Tz'utujil,Definitely endangered,Guatemala,GTM
2350,Chamorro,Vulnerable,Guam (U.S.A.),GUM
741,Ashaninka (Peru),Vulnerable,Peru,PER
1131,Chang,Vulnerable,India,IND
1897,Kuna (Panama),Vulnerable,Panama,PAN
1554,Churahi,Definitely endangered,India,IND
1155,Nruanghmei,Vulnerable,India,IND
1139,Rengma,Vulnerable,India,IND
1027,Faroese,Vulnerable,Faroe Islands,FRO
2439,Northern Tujia,Severely endangered,China,CHN
2480,Torwali,Definitely endangered,Pakistan,PAK
1787,Chuj (Guatemala),Vulnerable,Guatemala,GTM
1186,Kachari,Definitely endangered,India,IND
411,Scottish Gaelic,Definitely endangered,United Kingdom of Great Britain and Northern Ireland,GBR
1504,Sierra de Puebla Náhuatl,Definitely endangered,Mexico,MEX
643,Limonese Creole,Definitely endangered,Costa Rica,CRI
370,Kashubian,Severely endangered,Poland,POL
481,Khakas,Definitely endangered,Russian Federation,RUS
1587,Parji,Critically endangered,India,IND
1352,Arvanitika,Severely endangered,Greece,GRC
507,Buryat (Cis-Baikal),Severely endangered,Russian Federation,RUS
458,Buryat (Manchuria),Definitely endangered,China,CHN
458,Buryat (Manchuria),Definitely endangered,Mongolia,MNG
2261,Cuona Menba,Vulnerable,Bhutan,BTN
2261,Cuona Menba,Vulnerable,China,CHN
2261,Cuona Menba,Vulnerable,India,IND
2229,Eastern Cham,Definitely endangered,Viet Nam,VNM
1232,Hmar,Vulnerable,India,IND
1422,Huzhu Monguor,Severely endangered,China,CHN
1159,Paite,Vulnerable,India,IND
1929,Quichua (Imbabura),Definitely endangered,Ecuador,ECU
1949,Soqotri,Severely endangered,Yemen,YEM
462,Southern Altay,Definitely endangered,Russian Federation,RUS
1475,Transylvanian Saxon,Severely endangered,Romania,ROU
1986,Turoyo,Severely endangered,Syrian Arab Republic,SYR
1986,Turoyo,Severely endangered,Turkey,TUR
422,Võro-Seto,Definitely endangered,Estonia,EST
422,Võro-Seto,Definitely endangered,Russian Federation,RUS
687,West Greenlandic,Vulnerable,Greenland (Kingdom of Denmark),GRL
1494,Western Armenian (Turkey),Definitely endangered,Turkey,TUR
122,Zaramo,Definitely endangered,United Republic of Tanzania,TZA
2180,Zenatiya,Critically endangered,Algeria,DZA
915,Papantla Totonac,Definitely endangered,Mexico,MEX
1108,Wancho,Vulnerable,India,IND
1213,Bhumji,Vulnerable,India,IND
2241,Cosung (China),Definitely endangered,China,CHN
2240,Cosung (Viet Nam),Definitely endangered,Viet Nam,VNM
2249,Baheng (China),Vulnerable,China,CHN
60,Lumun,Definitely endangered,Sudan,SDN
1931,Quichua (Loja),Severely endangered,Ecuador,ECU
1025,Chamling,Definitely endangered,Nepal,NPL
362,Irish,Definitely endangered,Ireland,IRL
362,Irish,Definitely endangered,United Kingdom of Great Britain and Northern Ireland,GBR
1329,Reshe,Vulnerable,Nigeria,NGA
927,Sierra Otomí,Vulnerable,Mexico,MEX
134,Phuthi,Definitely endangered,Lesotho,LSO
704,Rarotongan,Vulnerable,Cook Islands,COK
1804,Khalaj,Vulnerable,Iran (Islamic Republic of),IRN
1670,Dungan,Definitely endangered,Kazakhstan,KAZ
1670,Dungan,Definitely endangered,Kyrgyzstan,KGZ
1143,Kheza,Vulnerable,India,IND
1304,Jola-Kassa,Vulnerable,Senegal,SEN
1447,Satār,Vulnerable,Nepal,NPL
1927,Guaraní Boliviano,Vulnerable,Argentina,ARG
1927,Guaraní Boliviano,Vulnerable,Bolivia (Plurinational State of),BOL
1208,Gutob,Vulnerable,India,IND
1247,Kheng,Vulnerable,Bhutan,BTN
70,Laro,Definitely endangered,Sudan,SDN
986,Minyong,Vulnerable,India,IND
1137,Mru,Severely endangered,Myanmar,MMR
149,Patani Malay,Vulnerable,Thailand,THA
998,"Quechua of Cajatambo, Pasco and northern Junín",Severely endangered,Peru,PER
1275,Quichua (Napo),Definitely endangered,Ecuador,ECU
1104,Tangsa,Vulnerable,India,IND
2210,Tetserret,Severely endangered,Niger,NER
734,Awajun,Vulnerable,Peru,PER
1134,Khiamngan,Vulnerable,India,IND
1717,Ngile,Severely endangered,Sudan,SDN
2235,Phunoi,Vulnerable,Lao People's Democratic Republic,LAO
905,Lower Mixe,Vulnerable,Mexico,MEX
1151,Maram,Vulnerable,India,IND
427,Western Mari,Severely endangered,Russian Federation,RUS
1082,Chepang,Vulnerable,Nepal,NPL
1356,Chontal Tabasco,Severely endangered,Mexico,MEX
2414,Muji,Definitely endangered,China,CHN
1778,Akatek (Guatemala),Vulnerable,Guatemala,GTM
1491,Huichol,Vulnerable,Mexico,MEX
406,Romansh,Definitely endangered,Switzerland,CHE
938,Apatani,Vulnerable,India,IND
988,Galo,Vulnerable,India,IND
1218,Korwa,Vulnerable,India,IND
759,Shuar chicham,Definitely endangered,Ecuador,ECU
742,Ticuna,Definitely endangered,Brazil,BRA
742,Ticuna,Definitely endangered,Colombia,COL
742,Ticuna,Definitely endangered,Peru,PER
999,Wanka Quechua,Severely endangered,Peru,PER
296,Sikuani,Vulnerable,Colombia,COL
296,Sikuani,Vulnerable,Venezuela (Bolivarian Republic of),VEN
1800,Jakaltek (Guatemala),Definitely endangered,Guatemala,GTM
1147,Liangmai,Vulnerable,India,IND
1150,Zeme,Vulnerable,India,IND
1277,Highland Mazatec,Vulnerable,Mexico,MEX
1116,Thangmi,Definitely endangered,Nepal,NPL
1106,Nocte,Vulnerable,India,IND
1490,Mayo,Critically endangered,Mexico,MEX
2309,Lauje,Vulnerable,Indonesia,IDN
431,Danuwar,Severely endangered,Nepal,NPL
1561,Sirmaudi,Critically endangered,India,IND
1077,Abaza,Definitely endangered,Russian Federation,RUS
1077,Abaza,Definitely endangered,Turkey,TUR
1171,Koch,Definitely endangered,India,IND
2030,Amis,Vulnerable,China,CHN
2525,Biak,Vulnerable,Indonesia,IDN
1245,Bumthang,Vulnerable,Bhutan,BTN
1350,Burgenland Croatian,Definitely endangered,Austria,AUT
1350,Burgenland Croatian,Definitely endangered,Hungary,HUN
1350,Burgenland Croatian,Definitely endangered,Slovakia,SVK
1768,Dzhidi,Definitely endangered,Iran (Islamic Republic of),IRN
2451,Judeo-Berber (Israel),Severely endangered,Israel,ISR
1120,Kham,Definitely endangered,Nepal,NPL
565,Ladin,Definitely endangered,Italy,ITA
440,Lepcha,Definitely endangered,Bhutan,BTN
440,Lepcha,Definitely endangered,India,IND
440,Lepcha,Definitely endangered,Nepal,NPL
2427,Maonan,Vulnerable,China,CHN
2221,"Mok (Myanmar, Thailand)",Definitely endangered,Myanmar,MMR
2221,"Mok (Myanmar, Thailand)",Definitely endangered,Thailand,THA
1715,Moro,Definitely endangered,Sudan,SDN
2425,Mulam,Vulnerable,China,CHN
393,North Saami,Definitely endangered,Finland,FIN
393,North Saami,Definitely endangered,Norway,NOR
393,North Saami,Definitely endangered,Russian Federation,RUS
393,North Saami,Definitely endangered,Sweden,SWE
1012,Quechua of Cajamarca,Severely endangered,Peru,PER
1276,Quichua (Pastaza),Definitely endangered,Ecuador,ECU
1378,Rushani,Definitely endangered,Tajikistan,TJK
1378,Rushani,Definitely endangered,Afghanistan,AFG
979,Tagin,Vulnerable,India,IND
2321,Tialo,Vulnerable,Indonesia,IDN
2181,Tidikelt,Critically endangered,Algeria,DZA
659,Toba,Definitely endangered,Argentina,ARG
503,Tundra Nenets,Definitely endangered,Russian Federation,RUS
421,Vojvodina Rusyn,Definitely endangered,Croatia,HRV
421,Vojvodina Rusyn,Definitely endangered,Serbia,SRB
2408,Wuse,Vulnerable,China,CHN
1035,Agul,Definitely endangered,Russian Federation,RUS
1036,Rutul,Definitely endangered,Azerbaijan,AZE
1036,Rutul,Definitely endangered,Russian Federation,RUS
1844,Bateri,Definitely endangered,Pakistan,PAK
1146,Mzieme,Vulnerable,India,IND
1112,Ghale,Vulnerable,Nepal,NPL
907,Sierra Popoluca,Vulnerable,Mexico,MEX
1446,Kurux (Nepal),Vulnerable,Nepal,NPL
1170,Deori,Definitely endangered,India,IND
1279,Soyaltepec Mazatec,Vulnerable,Mexico,MEX
941,Western Mazahua,Definitely endangered,Mexico,MEX
1430,Sibe,Severely endangered,China,CHN
1505,Isthmus Náhuatl,Vulnerable,Mexico,MEX
1105,Sunwar,Vulnerable,Nepal,NPL
1302,Mancagne,Vulnerable,Senegal,SEN
1576,Gadaba,Critically endangered,India,IND
1513,Banat Bulgarian,Definitely endangered,Romania,ROU
1513,Banat Bulgarian,Definitely endangered,Serbia,SRB
1351,Csángó Hungarian,Severely endangered,Romania,ROU
1215,Koda,Vulnerable,India,IND
1423,Minhe Monguor,Definitely endangered,China,CHN
1862,Miskito (Honduras),Vulnerable,Honduras,HND
396,Olonetsian,Definitely endangered,Finland,FIN
396,Olonetsian,Definitely endangered,Russian Federation,RUS
1006,Saek,Definitely endangered,Lao People's Democratic Republic,LAO
1006,Saek,Definitely endangered,Thailand,THA
885,Sioux,Vulnerable,United States of America,USA
699,Tamazight (Beni Iznassen),Definitely endangered,Morocco,MAR
1061,Tsakhur,Definitely endangered,Azerbaijan,AZE
1061,Tsakhur,Definitely endangered,Russian Federation,RUS
1964,Warao,Definitely endangered,Guyana,GUY
1964,Warao,Definitely endangered,Venezuela (Bolivarian Republic of),VEN
1169,Majhi,Severely endangered,Nepal,NPL
1501,Jone,Definitely endangered,China,CHN
1037,Andi,Definitely endangered,Russian Federation,RUS
599,Guambiano,Definitely endangered,Colombia,COL
1164,Anal,Vulnerable,India,IND
1802,Hawrami,Definitely endangered,Iran (Islamic Republic of),IRN
1802,Hawrami,Definitely endangered,Iraq,IRQ
1203,Juang,Definitely endangered,India,IND
1173,Tiwa,Definitely endangered,India,IND
1901,Embera (Panama),Vulnerable,Panama,PAN
1306,Ediamat,Vulnerable,Guinea-Bissau,GNB
1178,Mara,Definitely endangered,India,IND
1157,Maring,Vulnerable,India,IND
1386,Polci cluster,Definitely endangered,Nigeria,NGA
1461,Sarikoli,Definitely endangered,China,CHN
63,Krongo,Definitely endangered,Sudan,SDN
1779,Ashtiani,Definitely endangered,Iran (Islamic Republic of),IRN
1799,Khunsari,Definitely endangered,Iran (Islamic Republic of),IRN
2300,Semnani,Definitely endangered,Iran (Islamic Republic of),IRN
277,Plains Cree,Vulnerable,Canada,CAN
1273,Higher Reservoir Mazatec,Vulnerable,Mexico,MEX
1280,Chilchotla Mazatec,Vulnerable,Mexico,MEX
955,"Zapotec of the Valleys, middle northwest",Definitely endangered,Mexico,MEX
2443,Aluo,Definitely endangered,China,CHN
978,Bangni,Vulnerable,India,IND
1990,Bru,Definitely endangered,Thailand,THA
1252,Cho-ca-nga-ca-kha,Definitely endangered,Bhutan,BTN
1448,Crimean Tatar (Dobruja),Severely endangered,Bulgaria,BGR
1448,Crimean Tatar (Dobruja),Severely endangered,Romania,ROU
436,Dhimal,Severely endangered,Nepal,NPL
1614,Griko (Salento),Severely endangered,Italy,ITA
1878,Kaiowá Guarani,Vulnerable,Brazil,BRA
327,Karelian (Karelia),Definitely endangered,Finland,FIN
327,Karelian (Karelia),Definitely endangered,Russian Federation,RUS
1152,Khoirao,Vulnerable,India,IND
1185,Manchad,Vulnerable,India,IND
1337,Mariupolitan Greek,Severely endangered,Ukraine,UKR
985,Padam,Vulnerable,India,IND
1965,Pemon (Venezuela),Vulnerable,Guyana,GUY
1965,Pemon (Venezuela),Vulnerable,Venezuela (Bolivarian Republic of),VEN
1995,Tacenwit,Vulnerable,Algeria,DZA
1502,Tangwang,Definitely endangered,China,CHN
2090,Western Neo-Aramaic,Definitely endangered,Syrian Arab Republic,SYR
1438,Yaghnobi,Definitely endangered,Tajikistan,TJK
2224,Yaw,Definitely endangered,Myanmar,MMR
1405,Yeyi,Definitely endangered,Botswana,BWA
384,Sorbian,Definitely endangered,Germany,DEU
1187,Biete,Definitely endangered,India,IND
1189,Hrangkhol,Vulnerable,India,IND
1959,Terena,Severely endangered,Brazil,BRA
1595,Kati,Definitely endangered,Pakistan,PAK
1595,Kati,Definitely endangered,Afghanistan,AFG
1092,Kulung,Vulnerable,Nepal,NPL
617,Kaingang,Definitely endangered,Brazil,BRA
1278,Lowland Mazatec,Vulnerable,Mexico,MEX
1797,Vafsi,Definitely endangered,Iran (Islamic Republic of),IRN
1310,Bassari,Vulnerable,Senegal,SEN
1307,Bayot,Vulnerable,Senegal,SEN
1142,Pochuri,Vulnerable,India,IND
1712,Tamahaq (Libya),Definitely endangered,Libyan Arab Jamahiriya,LBY
276,Swampy Cree,Vulnerable,Canada,CAN
1583,Koraga,Critically endangered,India,IND
1684,Oyda,Vulnerable,Ethiopia,ETH
1560,Pangvali,Critically endangered,India,IND
654,Shipibo-Conibo,Definitely endangered,Peru,PER
109,Amba,Vulnerable,Uganda,UGA
1051,Tsez,Definitely endangered,Russian Federation,RUS
1425,Bonan,Definitely endangered,China,CHN
2246,Chrau,Definitely endangered,Viet Nam,VNM
1773,Dari,Definitely endangered,Iran (Islamic Republic of),IRN
1250,Dzala,Vulnerable,Bhutan,BTN
2432,Ersu,Definitely endangered,China,CHN
1180,Gangte,Definitely endangered,India,IND
24,Gurdu-Mbaaru,Severely endangered,Nigeria,NGA
1145,Ha-lung Tibetan,Definitely endangered,Nepal,NPL
2445,Hlersu,Vulnerable,China,CHN
2254,Juk,Definitely endangered,Lao People's Democratic Republic,LAO
1681,Kwama,Vulnerable,Ethiopia,ETH
2434,Laemae,Severely endangered,China,CHN
539,Lavua,Definitely endangered,Thailand,THA
648,Macushi (Brazil),Vulnerable,Brazil,BRA
1361,Nahali,Definitely endangered,India,IND
2448,Naluo,Vulnerable,China,CHN
2401,Nyoe,Definitely endangered,Thailand,THA
1524,O'odham (Akimel),Definitely endangered,United States of America,USA
871,O'odham (Tohono),Definitely endangered,United States of America,USA
2031,Paiwan,Vulnerable,China,CHN
2428,Rao,Definitely endangered,China,CHN
2294,Semai,Severely endangered,Malaysia,MYS
1719,Shatt,Severely endangered,Sudan,SDN
6,Siwi,Definitely endangered,Egypt,EGY
1289,Tagargrent,Severely endangered,Algeria,DZA
2162,Tayurayt,Vulnerable,Algeria,DZA
2324,Totoli,Vulnerable,Indonesia,IDN
286,Aruaco,Vulnerable,Colombia,COL
441,Yakkha,Critically endangered,Nepal,NPL
1584,Kuruba,Critically endangered,India,IND
707,Tuamotuan,Definitely endangered,French Polynesia (France),PYF
62,Katla,Definitely endangered,Sudan,SDN
294,Garífuna (Belize),Vulnerable,Belize,BLZ
1109,Thulung,Definitely endangered,Nepal,NPL
1190,Bawm,Definitely endangered,Bangladesh,BGD
1190,Bawm,Definitely endangered,India,IND
1666,Guajajara,Vulnerable,Brazil,BRA
703,Niuean,Definitely endangered,Niue,NIU
2574,Uhunduni,Vulnerable,Indonesia,IDN
1300,Gusilay,Vulnerable,Senegal,SEN
1816,Xavante,Vulnerable,Brazil,BRA
2304,Dondo,Vulnerable,Indonesia,IDN
1168,Khampti,Vulnerable,India,IND
11,Nalu,Definitely endangered,Guinea,GIN
1721,Tagoi,Severely endangered,Sudan,SDN
71,Karko,Definitely endangered,Sudan,SDN
939,San Mateo del Mar Huave,Vulnerable,Mexico,MEX
1751,Q'eqchi' (Belize),Vulnerable,Belize,BLZ
52,Kadaru,Definitely endangered,Sudan,SDN
1286,Mazatlán Mazatec,Vulnerable,Mexico,MEX
1309,Badiaranke,Severely endangered,Guinea,GIN
2327,Alune,Vulnerable,Indonesia,IDN
1606,Bangani,Critically endangered,India,IND
1046,Chamalal,Definitely endangered,Russian Federation,RUS
2238,Chru,Vulnerable,Viet Nam,VNM
1090,Hill Miri,Definitely endangered,India,IND
2446,Jinuo,Definitely endangered,China,CHN
2435,Muya,Vulnerable,China,CHN
556,Samei,Severely endangered,China,CHN
2617,Tajio,Vulnerable,Indonesia,IDN
2618,Tobada',Extinct,Indonesia,IDN
1333,Yurt Tatar,Definitely endangered,Russian Federation,RUS
1489,Yaqui (Mexico),Vulnerable,Mexico,MEX
1784,Ch'orti' (Guatemala),Definitely endangered,Guatemala,GTM
919,Filomeno Mata Totonac,Vulnerable,Mexico,MEX
917,Northern Totonac,Critically endangered,Mexico,MEX
1733,Komo,Definitely endangered,Ethiopia,ETH
1733,Komo,Definitely endangered,Sudan,SDN
19,Tuwuli,Vulnerable,Ghana,GHA
1824,Poqomam,Definitely endangered,Guatemala,GTM
1084,Idu,Definitely endangered,China,CHN
1084,Idu,Definitely endangered,India,IND
683,Kari'ña (Venezuela),Severely endangered,Venezuela (Bolivarian Republic of),VEN
731,Machiguenga,Definitely endangered,Peru,PER
1963,Piaroa (Venezuela),Vulnerable,Venezuela (Bolivarian Republic of),VEN
714,Tuvaluan,Definitely endangered,Tuvalu,TUV
322,Waunana (Colombia),Vulnerable,Colombia,COL
1296,Noon,Vulnerable,Senegal,SEN
1102,Sampang,Vulnerable,Nepal,NPL
690,Central Alaskan Yupik (2),Vulnerable,United States of America,USA
691,Central Alaskan Yupik (Nuniak Island),Vulnerable,United States of America,USA
2665,Bukiyip,Vulnerable,Papua New Guinea,PNG
2610,Saparua,Definitely endangered,Indonesia,IDN
1083,Darai,Severely endangered,Nepal,NPL
1303,Bandial,Vulnerable,Senegal,SEN
55,Bongo,Definitely endangered,Sudan,SDN
1484,Northwestern Tarahumara,Vulnerable,Mexico,MEX
1343,Algherese Catalan,Definitely endangered,Italy,ITA
330,Aragonese,Definitely endangered,Spain,ESP
2430,Baima,Vulnerable,China,CHN
1678,Bukharic,Definitely endangered,Uzbekistan,UZB
2029,Bunun,Vulnerable,China,CHN
119,Burunge,Vulnerable,United Republic of Tanzania,TZA
743,Chayahuita,Definitely endangered,Peru,PER
903,Cherokee (Oklahoma),Definitely endangered,United States of America,USA
344,Dalecarlian,Definitely endangered,Sweden,SWE
605,"Huitoto (Colombia, Peru)",Definitely endangered,Colombia,COL
605,"Huitoto (Colombia, Peru)",Definitely endangered,Peru,PER
2173,Hulaula (Israel),Severely endangered,Israel,ISR
139,Karang,Vulnerable,Chad,TCD
1516,Karelian (Tver),Definitely endangered,Russian Federation,RUS
1298,Karone,Vulnerable,Senegal,SEN
1055,Kryz,Severely endangered,Azerbaijan,AZE
300,"Kurripako (Colombia, Venezuela)",Definitely endangered,Colombia,COL
300,"Kurripako (Colombia, Venezuela)",Definitely endangered,Venezuela (Bolivarian Republic of),VEN
1246,Kurtöp,Vulnerable,Bhutan,BTN
535,Lamgang,Critically endangered,India,IND
2447,Miqie,Definitely endangered,China,CHN
1956,Mojo,Definitely endangered,Bolivia (Plurinational State of),BOL
1198,Muot,Critically endangered,India,IND
1589,Naiki,Critically endangered,India,IND
1948,Ñandeva Guarani,Vulnerable,Brazil,BRA
27,Ngwaba,Severely endangered,Nigeria,NGA
394,North Frisian,Severely endangered,Germany,DEU
483,Northern Khanty,Definitely endangered,Russian Federation,RUS
1008,Nyah Kur,Definitely endangered,Thailand,THA
1248,Nyenkha,Vulnerable,Bhutan,BTN
2283,Orang Hulu,Definitely endangered,Malaysia,MYS
1718,Otoro,Severely endangered,Sudan,SDN
461,Solon,Definitely endangered,China,CHN
2440,Southern Tujia,Severely endangered,China,CHN
2331,Taba,Vulnerable,Indonesia,IDN
2410,Talu,Vulnerable,China,CHN
718,Tamazight (Tunisia),Severely endangered,Tunisia,TUN
2027,Tayal,Vulnerable,China,CHN
1723,Temein,Severely endangered,Sudan,SDN
2296,Temiar,Definitely endangered,Malaysia,MYS
1079,Trukhmen,Definitely endangered,Russian Federation,RUS
1079,Trukhmen,Definitely endangered,Turkmenistan,TKM
120,Vidunda,Vulnerable,United Republic of Tanzania,TZA
291,Kogui,Vulnerable,Colombia,COL
1297,Paloor,Vulnerable,Senegal,SEN
1780,Awakatek (Guatemala),Vulnerable,Guatemala,GTM
1541,Choctaw (Louisiana),Vulnerable,United States of America,USA
896,Choctaw (Mississipi),Vulnerable,United States of America,USA
1542,Choctaw (Oklahoma),Vulnerable,United States of America,USA
1850,Gawar-Bati,Definitely endangered,Pakistan,PAK
1850,Gawar-Bati,Definitely endangered,Afghanistan,AFG
2259,Taruang,Vulnerable,China,CHN
2259,Taruang,Vulnerable,India,IND
2259,Taruang,Vulnerable,Myanmar,MMR
1088,Khaling,Definitely endangered,Nepal,NPL
1485,Western Tarahumara,Vulnerable,Mexico,MEX
2362,Nunavimmiutitut,Vulnerable,Canada,CAN
275,Woods Cree,Vulnerable,Canada,CAN
2244,Phula (Viet Nam),Definitely endangered,Viet Nam,VNM
1085,Dol-po,Definitely endangered,Nepal,NPL
2581,Helong,Severely endangered,Indonesia,IDN
2337,Lisela,Vulnerable,Indonesia,IDN
1219,Motuo Menba,Definitely endangered,China,CHN
1219,Motuo Menba,Definitely endangered,India,IND
1889,Panamahka,Vulnerable,Nicaragua,NIC
880,Zuni,Vulnerable,United States of America,USA
1750,Mopán (Belize),Severely endangered,Belize,BLZ
1728,Tulishi,Severely endangered,Sudan,SDN
1016,Central Cuicatec,Vulnerable,Mexico,MEX
1685,Ts'amay,Definitely endangered,Ethiopia,ETH
1604,Phalura,Definitely endangered,Pakistan,PAK
1268,Northern Popoloc,Vulnerable,Mexico,MEX
1274,Ixcatlán Mazatec,Vulnerable,Mexico,MEX
918,Patla-Chicontla Totonac,Severely endangered,Mexico,MEX
1647,Toram,Severely endangered,Chad,TCD
994,Northwestern Tlapanec,Vulnerable,Mexico,MEX
271,Dene,Vulnerable,Canada,CAN
1526,Micmac (Massachusetts),Definitely endangered,United States of America,USA
88,Argobba,Critically endangered,Ethiopia,ETH
708,Austral dialects,Definitely endangered,French Polynesia (France),PYF
1693,Belanda Bor,Definitely endangered,Sudan,SDN
1701,Feroge,Vulnerable,Sudan,SDN
1980,Hachijō,Definitely endangered,Japan,JPN
1853,Inga,Severely endangered,Colombia,COL
67,Kanga,Severely endangered,Sudan,SDN
2424,Lajia,Definitely endangered,China,CHN
1255,Lakha,Definitely endangered,Bhutan,BTN
2187,Mbya Guarani (Paraguay),Definitely endangered,Paraguay,PRY
1675,Mundurukú,Vulnerable,Brazil,BRA
767,Ojibwe,Severely endangered,United States of America,USA
586,Quichua (Salasaca),Definitely endangered,Ecuador,ECU
1182,Rongpo,Vulnerable,India,IND
557,Sanyi,Severely endangered,China,CHN
2284,Temuan,Severely endangered,Malaysia,MYS
1726,Tingal,Definitely endangered,Sudan,SDN
735,Wampis,Vulnerable,Peru,PER
2402,Wunai Bunu,Definitely endangered,China,CHN
739,Yanesha,Severely endangered,Peru,PER
1369,Mam (Mexico),Severely endangered,Mexico,MEX
1318,Pana,Definitely endangered,Burkina Faso,BFA
1983,Macushi (Guyana),Vulnerable,Guyana,GUY
466,Chukchi,Severely endangered,Russian Federation,RUS
1875,Cabécar,Vulnerable,Costa Rica,CRI
593,Awa Cuaiquer,Critically endangered,Colombia,COL
2172,Lishana Deni (Israel),Severely endangered,Israel,ISR
925,Central Pame,Vulnerable,Mexico,MEX
309,Puinave,Definitely endangered,Colombia,COL
309,Puinave,Definitely endangered,Venezuela (Bolivarian Republic of),VEN
1702,Mebengokre,Vulnerable,Brazil,BRA
316,Tunebo,Definitely endangered,Colombia,COL
316,Tunebo,Definitely endangered,Venezuela (Bolivarian Republic of),VEN
1015,Quechua of Peruvian Amazonia,Vulnerable,Peru,PER
1217,Asur,Definitely endangered,India,IND
2301,Bashkardi,Definitely endangered,Iran (Islamic Republic of),IRN
91,Burji,Vulnerable,Kenya,KEN
2431,Choyi,Definitely endangered,China,CHN
2061,Gazi,Definitely endangered,Iran (Islamic Republic of),IRN
2433,Guichong,Vulnerable,China,CHN
1332,Karagash,Definitely endangered,Russian Federation,RUS
1786,Natanzi,Severely endangered,Iran (Islamic Republic of),IRN
1783,Nayini,Severely endangered,Iran (Islamic Republic of),IRN
1439,Parya,Severely endangered,Uzbekistan,UZB
1439,Parya,Severely endangered,Tajikistan,TJK
1439,Parya,Severely endangered,Afghanistan,AFG
103,Segeju,Severely endangered,United Republic of Tanzania,TZA
1795,Sivandi,Definitely endangered,Iran (Islamic Republic of),IRN
2302,Soi,Definitely endangered,Iran (Islamic Republic of),IRN
1852,Tucano (Brazil),Vulnerable,Brazil,BRA
320,Wapishana (Guyana),Vulnerable,Guyana,GUY
1739,Yulu,Vulnerable,Central African Republic,CAF
1739,Yulu,Vulnerable,Democratic Republic of the Congo,COD
1739,Yulu,Vulnerable,Sudan,SDN
2438,Zhaba,Vulnerable,China,CHN
1828,Sakapultek,Definitely endangered,Guatemala,GTM
1677,Chara,Vulnerable,Ethiopia,ETH
2339,Kosraean,Severely endangered,Micronesia (Federated States of),FSM
2339,Kosraean,Severely endangered,Nauru,NRU
1902,Waunana (Panama),Severely endangered,Panama,PAN
694,San Francisco del Mar Huave,Critically endangered,Mexico,MEX
692,Northern East Cree,Vulnerable,Canada,CAN
1317,Micmac (Canada),Vulnerable,Canada,CAN
2720,Northern Tepehuán,Definitely endangered,Mexico,MEX
1087,Miju,Vulnerable,China,CHN
1087,Miju,Vulnerable,India,IND
879,Rio Grande Keresan,Definitely endangered,United States of America,USA
1281,Western Mazatec,Vulnerable,Mexico,MEX
1676,Bussa,Vulnerable,Ethiopia,ETH
1694,Beli,Definitely endangered,Sudan,SDN
2444,Chesu,Definitely endangered,China,CHN
57,Thuri,Vulnerable,Sudan,SDN
1053,Karata,Definitely endangered,Russian Federation,RUS
2375,Saulteau,Vulnerable,Canada,CAN
1166,Kumāle,Severely endangered,Nepal,NPL
929,Lower Northwestern Otomí,Vulnerable,Mexico,MEX
83,Dimme,Vulnerable,Ethiopia,ETH
585,Chiquitano (Bolivia),Definitely endangered,Bolivia (Plurinational State of),BOL
1729,Tumtum,Severely endangered,Sudan,SDN
1042,Bezhta,Definitely endangered,Russian Federation,RUS
1115,Thakali,Vulnerable,Nepal,NPL
74,Dongotono,Vulnerable,Sudan,SDN
1763,Mawé,Vulnerable,Brazil,BRA
498,Shor,Severely endangered,Russian Federation,RUS
992,Central Tlapanec,Vulnerable,Mexico,MEX
2366,Oji-Cree,Vulnerable,Canada,CAN
65,Keiga,Severely endangered,Sudan,SDN
2271,Ampibabo Lauje,Vulnerable,Indonesia,IDN
1631,Cashinahua (Brazil),Vulnerable,Brazil,BRA
32,Geji cluster,Severely endangered,Nigeria,NGA
1879,Mbya Guarani (Brazil),Vulnerable,Brazil,BRA
1010,Moklen,Definitely endangered,Myanmar,MMR
1010,Moklen,Definitely endangered,Thailand,THA
2624,Nauruan,Severely endangered,Nauru,NRU
1818,Nheengatu / Yeral (Brazil),Severely endangered,Brazil,BRA
2299,Parachi,Definitely endangered,Afghanistan,AFG
1014,Quechua of San Martín,Severely endangered,Peru,PER
1293,Sawkna,Critically endangered,Libyan Arab Jamahiriya,LBY
1100,Sulung,Definitely endangered,China,CHN
1100,Sulung,Definitely endangered,India,IND
1060,Tindi,Definitely endangered,Russian Federation,RUS
785,Western Apache,Definitely endangered,United States of America,USA
323,Yanomami (Brazil),Vulnerable,Brazil,BRA
1460,Yazgulami,Severely endangered,Tajikistan,TJK
432,Chantyal,Definitely endangered,Nepal,NPL
2341,Mortlockese,Definitely endangered,Micronesia (Federated States of),FSM
1767,Baníwa do Içana,Vulnerable,Brazil,BRA
1767,Baníwa do Içana,Vulnerable,Colombia,COL
1767,Baníwa do Içana,Vulnerable,Venezuela (Bolivarian Republic of),VEN
285,"Akawaio (Guyana, Venezuela)",Definitely endangered,Guyana,GUY
285,"Akawaio (Guyana, Venezuela)",Definitely endangered,Venezuela (Bolivarian Republic of),VEN
1039,Akhvakh,Definitely endangered,Russian Federation,RUS
420,Veps,Severely endangered,Russian Federation,RUS
2372,Qikiqtaaluk nigiani,Vulnerable,Canada,CAN
1829,Sipakapense,Definitely endangered,Guatemala,GTM
1871,Bribri (Costa Rica),Vulnerable,Costa Rica,CRI
1301,Bainouk-Gunyaamolo,Vulnerable,Senegal,SEN
1305,Kwatay,Severely endangered,Senegal,SEN
2248,Baheng (Viet Nam),Vulnerable,Viet Nam,VNM
909,Central Zoque,Definitely endangered,Mexico,MEX
1605,Dameli,Severely endangered,Pakistan,PAK
1138,Sak (Bangladesh),Severely endangered,Bangladesh,BGD
1603,Yidgha,Definitely endangered,Pakistan,PAK
1486,Southeastern Tarahumara,Vulnerable,Mexico,MEX
634,Chimané,Vulnerable,Bolivia (Plurinational State of),BOL
73,Dilling,Definitely endangered,Sudan,SDN
851,San Dionisio del Mar Huave,Definitely endangered,Mexico,MEX
72,Lafofa,Severely endangered,Sudan,SDN
2220,Akeu,Definitely endangered,Lao People's Democratic Republic,LAO
2220,Akeu,Definitely endangered,Myanmar,MMR
2220,Akeu,Definitely endangered,Thailand,THA
2429,Anung (China),Critically endangered,China,CHN
1040,Bagvalal,Definitely endangered,Russian Federation,RUS
1671,Bambassi,Definitely endangered,Ethiopia,ETH
288,Barí,Vulnerable,Colombia,COL
1435,Bartangi,Severely endangered,Tajikistan,TJK
983,Bokar,Vulnerable,China,CHN
983,Bokar,Vulnerable,India,IND
444,Brokpa,Definitely endangered,Bhutan,BTN
900,Creek,Definitely endangered,United States of America,USA
2002,Cubeo (Colombia),Vulnerable,Colombia,COL
450,Dagur (Hailar),Definitely endangered,China,CHN
2524,Damal,Vulnerable,Indonesia,IDN
123,Dhaiso,Definitely endangered,United Republic of Tanzania,TZA
1206,Gorum,Definitely endangered,India,IND
1922,Guarayu,Definitely endangered,Bolivia (Plurinational State of),BOL
1597,Gutnish,Definitely endangered,Sweden,SWE
870,Hopi,Vulnerable,United States of America,USA
30,Ilue,Critically endangered,Nigeria,NGA
1962,Jibbali,Severely endangered,Oman,OMN
1602,Kalasha,Severely endangered,Pakistan,PAK
117,Kami,Severely endangered,United Republic of Tanzania,TZA
529,Kathu,Definitely endangered,China,CHN
2068,Khojki,Severely endangered,Oman,OMN
128,Khwe,Definitely endangered,Namibia,NAM
1188,Kom,Definitely endangered,India,IND
2183,Korandje,Severely endangered,Algeria,DZA
531,Lachi,Definitely endangered,Viet Nam,VNM
2426,Mak,Definitely endangered,China,CHN
709,Manihiki,Definitely endangered,Cook Islands,COK
388,Megleno-Romanian,Severely endangered,Greece,GRC
388,Megleno-Romanian,Severely endangered,The former Yugoslav Republic of Macedonia,MKD
1094,Miji,Definitely endangered,India,IND
2413,Mo'ang (China),Definitely endangered,China,CHN
2243,Mo'ang (Viet Nam),Definitely endangered,Viet Nam,VNM
1349,Molise Croatian,Severely endangered,Italy,ITA
2454,Moroccan Judeo-Arabic (Morocco),Severely endangered,Morocco,MAR
2436,Namuyi,Vulnerable,China,CHN
2313,Padoe,Vulnerable,Indonesia,IDN
307,Patamona (Guyana),Vulnerable,Guyana,GUY
1193,Pu,Critically endangered,India,IND
310,Pume,Definitely endangered,Venezuela (Bolivarian Republic of),VEN
1103,Singpho,Definitely endangered,India,IND
1216,Turi,Definitely endangered,India,IND
1063,Udi (Azerbaijan),Severely endangered,Azerbaijan,AZE
1979,Yecuana (Venezuela),Vulnerable,Venezuela (Bolivarian Republic of),VEN
1125,Jirel,Definitely endangered,Nepal,NPL
468,Dolgan,Definitely endangered,Russian Federation,RUS
2057,Romani (Colombia),Vulnerable,Colombia,COL
1160,Tsum,Definitely endangered,Nepal,NPL
993,Northern Tlapanec,Vulnerable,Mexico,MEX
2028,Taroko,Vulnerable,China,CHN
151,Kivallirmiutut,Vulnerable,Canada,CAN
1283,Puebla Mazatec,Vulnerable,Mexico,MEX
954,Zapotec of Petapa,Definitely endangered,Mexico,MEX
1086,Dungmali,Definitely endangered,Nepal,NPL
1427,Saryg Yugur,Severely endangered,China,CHN
2373,Qikiqtaaluk uannangani,Vulnerable,Canada,CAN
1689,Afitti,Severely endangered,Sudan,SDN
748,Nomatsiguenga,Severely endangered,Peru,PER
308,Piapoko,Definitely endangered,Colombia,COL
308,Piapoko,Definitely endangered,Venezuela (Bolivarian Republic of),VEN
713,Tokelauan,Severely endangered,Tokelau,TKL
2326,Wotu,Vulnerable,Indonesia,IDN
1111,Wambule,Vulnerable,Nepal,NPL
688,Southern East Cree,Vulnerable,Canada,CAN
1673,Arbore,Definitely endangered,Ethiopia,ETH
58,Ebang,Severely endangered,Sudan,SDN
1327,Tafi,Vulnerable,Ghana,GHA
1101,Puma,Severely endangered,Nepal,NPL
1742,Gyele,Definitely endangered,Cameroon,CMR
1742,Gyele,Definitely endangered,Equatorial Guinea,GNQ
1744,Bwisi,Definitely endangered,Congo,COG
1744,Bwisi,Definitely endangered,Gabon,GAB
267,Eastern Montagnais,Vulnerable,Canada,CAN
1545,Atikamekw,Vulnerable,Canada,CAN
906,Western Zoque,Vulnerable,Mexico,MEX
878,Acoma-Laguna,Definitely endangered,United States of America,USA
1097,Aka,Definitely endangered,India,IND
1097,Aka,Definitely endangered,Sudan,SDN
1313,Baga Manduri,Definitely endangered,Guinea,GIN
13,Baga Sitemu,Severely endangered,Guinea,GIN
1044,Botlikh,Definitely endangered,Russian Federation,RUS
1181,Bunan,Definitely endangered,India,IND
749,Cashinahua (Peru),Definitely endangered,Peru,PER
581,Cha'palaa,Definitely endangered,Ecuador,ECU
459,Evenki (Manchuria),Severely endangered,China,CHN
523,Gazhuo,Definitely endangered,China,CHN
1047,Godoberi,Definitely endangered,Russian Federation,RUS
670,"Kari'ña (Guyana, Suriname)",Severely endangered,Guyana,GUY
670,"Kari'ña (Guyana, Suriname)",Severely endangered,Suriname,SUR
2174,Lishan Didan (Israel),Severely endangered,Israel,ISR
2233,Maleng,Definitely endangered,Lao People's Democratic Republic,LAO
2312,Napu,Vulnerable,Indonesia,IDN
2316,Rahambuu,Vulnerable,Indonesia,IDN
1127,Shingsaba,Vulnerable,China,CHN
1127,Shingsaba,Vulnerable,Nepal,NPL
1431,Sinkiang Dagur,Definitely endangered,China,CHN
1441,Taa,Definitely endangered,Botswana,BWA
54,Tennet,Vulnerable,Sudan,SDN
1920,Wapishana (Brazil),Definitely endangered,Brazil,BRA
1908,Yagua,Definitely endangered,Peru,PER
1932,Yanomám,Vulnerable,Brazil,BRA
1981,Yanomami (Venezuela),Vulnerable,Venezuela (Bolivarian Republic of),VEN
2404,Younuo Bunu,Definitely endangered,China,CHN
717,Zenaga (Mauritania),Severely endangered,Mauritania,MRT
1551,Baghati,Critically endangered,India,IND
1552,Bharmauri,Definitely endangered,India,IND
1832,Uspantek,Vulnerable,Guatemala,GTM
2196,Khang Quang Lam,Severely endangered,Viet Nam,VNM
1323,Konni,Vulnerable,Ghana,GHA
1727,Tocho,Severely endangered,Sudan,SDN
976,Mixtec of the Puebla-Oaxaca border,Definitely endangered,Mexico,MEX
1158,Nupri,Definitely endangered,Nepal,NPL
1926,Ayoreo,Definitely endangered,Bolivia (Plurinational State of),BOL
543,Moyon,Definitely endangered,India,IND
2415,Utsat,Definitely endangered,China,CHN
85,Nayi,Vulnerable,Ethiopia,ETH
2690,Mussau-Emira,Definitely endangered,Papua New Guinea,PNG
1737,Narim,Definitely endangered,Sudan,SDN
1834,Garífuna (Guatemala),Vulnerable,Guatemala,GTM
1099,Nachiring,Severely endangered,Nepal,NPL
1269,Eastern Popoloc,Vulnerable,Mexico,MEX
1716,Nding,Critically endangered,Sudan,SDN
2218,Anung (Myanmar),Severely endangered,Myanmar,MMR
578,Camsá,Definitely endangered,Colombia,COL
883,Crow,Definitely endangered,United States of America,USA
554,Sak (Myanmar),Vulnerable,Myanmar,MMR
1720,Shwai,Critically endangered,Sudan,SDN
2576,Wano,Definitely endangered,Indonesia,IDN
2365,Northwestern Ojibwe,Vulnerable,Canada,CAN
1393,Bakpinka,Critically endangered,Nigeria,NGA
1736,Morokodo,Severely endangered,Sudan,SDN
1271,Eloxochitlán Mazatec,Vulnerable,Mexico,MEX
1311,Menik,Definitely endangered,Senegal,SEN
1899,Teribe (Panama),Definitely endangered,Panama,PAN
1725,Tima,Severely endangered,Sudan,SDN
1679,Mursi,Vulnerable,Ethiopia,ETH
2315,Pendau,Vulnerable,Indonesia,IDN
1285,Ayautla Mazatec,Vulnerable,Mexico,MEX
1752,Yucatec,Definitely endangered,Belize,BLZ
908,Sayultec,Definitely endangered,Mexico,MEX
991,Eastern Tlapanec,Vulnerable,Mexico,MEX
1052,Juhur (Caucasus),Definitely endangered,Azerbaijan,AZE
1052,Juhur (Caucasus),Definitely endangered,Russian Federation,RUS
5,Awjila,Severely endangered,Libyan Arab Jamahiriya,LBY
2274,Baleasang,Definitely endangered,Indonesia,IDN
1743,Benga,Definitely endangered,Gabon,GAB
1743,Benga,Definitely endangered,Equatorial Guinea,GNQ
2276,Besoa,Vulnerable,Indonesia,IDN
99,Boni,Definitely endangered,Kenya,KEN
1664,Bonjo,Severely endangered,Congo,COG
2484,Brokshat,Definitely endangered,India,IND
1045,Budukh,Severely endangered,Azerbaijan,AZE
76,Dahaalik,Critically endangered,Eritrea,ERI
686,East Greenlandic,Definitely endangered,Greenland (Kingdom of Denmark),GRL
676,Eastern Khanty,Definitely endangered,Russian Federation,RUS
25,Fyem,Severely endangered,Nigeria,NGA
1209,Geta?,Severely endangered,India,IND
1382,Gura,Severely endangered,Nigeria,NGA
1950,Harsusi,Definitely endangered,Oman,OMN
77,Hozo,Definitely endangered,Ethiopia,ETH
874,Jemez,Vulnerable,United States of America,USA
1322,Kamara,Definitely endangered,Ghana,GHA
2338,Kapingamarangi,Severely endangered,Micronesia (Federated States of),FSM
2680,Koitabu,Vulnerable,Papua New Guinea,PNG
1408,Kuk,Definitely endangered,Cameroon,CMR
533,Lai,Definitely endangered,China,CHN
1153,Limirong Tibetan,Definitely endangered,Nepal,NPL
2175,Lishanid Noshan (Israel),Severely endangered,Israel,ISR
385,Lude,Severely endangered,Russian Federation,RUS
1907,"Mbya Guarani (Argentina, Uruguay)",Severely endangered,Argentina,ARG
1907,"Mbya Guarani (Argentina, Uruguay)",Severely endangered,Uruguay,URY
1242,"Mohawk (Akwesasne, St. Regis)",Definitely endangered,United States of America,USA
489,Nanay,Severely endangered,China,CHN
489,Nanay,Severely endangered,Russian Federation,RUS
2620,Palu'e,Definitely endangered,Indonesia,IDN
1967,Panare,Vulnerable,Venezuela (Bolivarian Republic of),VEN
646,Pilagá,Vulnerable,Argentina,ARG
2083,Pitjantjatjara,Vulnerable,Australia,AUS
1312,Pukur,Definitely endangered,Guinea,GIN
2626,Rotuman,Vulnerable,Fiji,FJI
1837,Savi,Definitely endangered,Pakistan,PAK
1837,Savi,Definitely endangered,Afghanistan,AFG
1096,Sherdukpen,Vulnerable,India,IND
1428,Shira Yugur,Severely endangered,China,CHN
1201,Takahanyilang,Critically endangered,India,IND
2209,U,Definitely endangered,China,CHN
2349,Ulithian,Severely endangered,Micronesia (Federated States of),FSM
2587,Waima'a,Definitely endangered,Timor-Leste,TLS
242,Warlpiri,Vulnerable,Australia,AUS
326,Yukpa,Vulnerable,Venezuela (Bolivarian Republic of),VEN
2394,Western Montagnais,Vulnerable,Canada,CAN
1699,Waiwai (Brazil),Vulnerable,Brazil,BRA
1340,Jersey French,Severely endangered,United Kingdom of Great Britain and Northern Ireland,GBR
963,Bahing,Definitely endangered,Nepal,NPL
2384,Stoney,Vulnerable,Canada,CAN
1483,Southwestern Tepehuan,Vulnerable,Mexico,MEX
487,Northern Mansi,Severely endangered,Russian Federation,RUS
517,Bisu,Definitely endangered,Myanmar,MMR
517,Bisu,Definitely endangered,Thailand,THA
663,Wari,Definitely endangered,Brazil,BRA
2407,Pakan,Definitely endangered,China,CHN
2026,Yami,Vulnerable,China,CHN
69,Ko,Critically endangered,Sudan,SDN
667,Yuracaré,Definitely endangered,Bolivia (Plurinational State of),BOL
511,Aimol,Critically endangered,India,IND
1089,Kohi,Vulnerable,Nepal,NPL
957,Chatino of the western lowlands,Definitely endangered,Mexico,MEX
127,Bolo,Definitely endangered,Angola,ANG
1714,Logol,Severely endangered,Sudan,SDN
559,Sila,Definitely endangered,Lao People's Democratic Republic,LAO
559,Sila,Definitely endangered,Viet Nam,VNM
922,Pisaflores Tepehua,Vulnerable,Mexico,MEX
1870,Xerente,Severely endangered,Brazil,BRA
1903,Bribri (Panama),Severely endangered,Panama,PAN
566,Achuar,Definitely endangered,Ecuador,ECU
566,Achuar,Definitely endangered,Peru,PER
1691,Bai,Definitely endangered,Sudan,SDN
1477,Banka,Definitely endangered,Mali,MLI
744,Culina (Peru),Definitely endangered,Peru,PER
1636,Gadang,Definitely endangered,Chad,TCD
1054,Khinalug,Severely endangered,Azerbaijan,AZE
538,Laomian (China),Definitely endangered,China,CHN
2223,Laomian (Myanmar),Definitely endangered,Myanmar,MMR
1256,Lhokpu,Definitely endangered,Bhutan,BTN
2070,Martuwangka,Vulnerable,Australia,AUS
745,Mayoruna (Peru),Vulnerable,Peru,PER
2345,Pingelapese,Severely endangered,Micronesia (Federated States of),FSM
711,Rapanui,Severely endangered,Chile,CHL
1207,Remo,Severely endangered,India,IND
1436,Roshorvi,Severely endangered,Tajikistan,TJK
1440,Sanglechi,Severely endangered,Tajikistan,TJK
1440,Sanglechi,Severely endangered,Afghanistan,AFG
2293,Semelai,Severely endangered,Malaysia,MYS
2287,Urak Lawoi (Malaysia),Definitely endangered,Malaysia,MYS
1009,Urak Lawoi (Thailand),Definitely endangered,Thailand,THA
1641,Zirenkel,Definitely endangered,Chad,TCD
50,Vumbu,Definitely endangered,Gabon,GAB
1823,Mopán (Guatemala),Severely endangered,Guatemala,GTM
299,Cuiba,Severely endangered,Colombia,COL
299,Cuiba,Severely endangered,Venezuela (Bolivarian Republic of),VEN
1172,Raji,Severely endangered,Nepal,NPL
818,Highland Chontal,Severely endangered,Mexico,MEX
1749,Yasa,Definitely endangered,Cameroon,CMR
1749,Yasa,Definitely endangered,Equatorial Guinea,GNQ
2657,Bumbita Arapesh,Vulnerable,Papua New Guinea,PNG
2194,Mang (China),Definitely endangered,China,CHN
541,Mang (Viet Nam),Definitely endangered,Viet Nam,VNM
923,Tlachichilco Tepehua,Definitely endangered,Mexico,MEX
1244,Blackfoot (Canada),Definitely endangered,Canada,CAN
1640,Jaya,Severely endangered,Chad,TCD
1758,Karipuna do Amapá,Vulnerable,Brazil,BRA
1650,Kulfa,Definitely endangered,Chad,TCD
2066,Krahô,Vulnerable,Brazil,BRA
2285,Kristang,Severely endangered,Malaysia,MYS
732,Yine,Definitely endangered,Peru,PER
762,North Alaskan Inupiaq (Kotzebue Sound),Severely endangered,United States of America,USA
1372,North Alaskan Inupiaq (North Slope),Severely endangered,United States of America,USA
1373,Seward Peninsula Inupiaq (King Island),Critically endangered,United States of America,USA
1374,Seward Peninsula Inupiaq (Little Diomede Island),Critically endangered,United States of America,USA
1375,Seward Peninsula Inupiaq (Norton Sound),Critically endangered,United States of America,USA
1933,Katukína-Kanamarí,Vulnerable,Brazil,BRA
233,Tiwi,Vulnerable,Australia,AUS
564,Zaozou,Vulnerable,China,CHN
1883,Ngäbere (Costa Rica),Definitely endangered,Costa Rica,CRI
1225,Aiton,Severely endangered,India,IND
166,Anindilyakwa,Vulnerable,Australia,AUS
1936,Apurinã,Definitely endangered,Brazil,BRA
168,Arrernte,Vulnerable,Australia,AUS
281,Ashkun,Definitely endangered,Afghanistan,AFG
2167,Ata,Critically endangered,Philippines,PHL
961,Athpahariya,Definitely endangered,Nepal,NPL
1905,Ava-Guaraní,Definitely endangered,Argentina,ARG
81,Bayso,Definitely endangered,Ethiopia,ETH
1214,Birhor,Critically endangered,India,IND
2277,Boano,Vulnerable,Indonesia,IDN
984,Bori,Definitely endangered,China,CHN
984,Bori,Definitely endangered,India,IND
525,Chepya,Definitely endangered,Lao People's Democratic Republic,LAO
1846,Chilisso,Severely endangered,Pakistan,PAK
1798,Culina (Brazil),Vulnerable,Brazil,BRA
1910,Damana,Definitely endangered,Colombia,COL
1388,Duguza,Definitely endangered,Nigeria,NGA
1711,Galibi Marworno,Vulnerable,Brazil,BRA
80,Gats'ama - Ganjule - Harro,Definitely endangered,Ethiopia,ETH
2333,Gebe,Vulnerable,Indonesia,IDN
1290,Ghadames,Vulnerable,Libyan Arab Jamahiriya,LBY
1339,Griko (Calabria),Severely endangered,Italy,ITA
604,Huilliche,Critically endangered,Chile,CHL
107,Ik,Severely endangered,Uganda,UGA
1183,Jangshung,Definitely endangered,India,IND
1033,Jero,Vulnerable,Nepal,NPL
597,Kari'ña (French Guyana),Definitely endangered,French Guiana (France),GUF
675,Khamnigan Mongol,Definitely endangered,China,CHN
675,Khamnigan Mongol,Definitely endangered,Mongolia,MNG
675,Khamnigan Mongol,Definitely endangered,Russian Federation,RUS
1390,Kona,Severely endangered,Nigeria,NGA
2051,Koreguaje,Definitely endangered,Colombia,COL
484,Koryak,Severely endangered,Russian Federation,RUS
1573,Kota,Critically endangered,India,IND
61,Logorik,Critically endangered,Sudan,SDN
386,Lule Saami,Severely endangered,Norway,NOR
386,Lule Saami,Severely endangered,Sweden,SWE
1197,Luro,Critically endangered,India,IND
1633,Mambai,Severely endangered,Chad,TCD
1192,Milang,Definitely endangered,India,IND
632,Mocoví,Definitely endangered,Argentina,ARG
2555,Momuna,Vulnerable,Indonesia,IDN
545,Mpi,Definitely endangered,Thailand,THA
2412,Muda,Vulnerable,China,CHN
1851,Munji,Severely endangered,Afghanistan,AFG
2247,Nguon,Vulnerable,Viet Nam,VNM
325,Nheengatu / Yeral (Venezuela),Severely endangered,Venezuela (Bolivarian Republic of),VEN
1362,Nihali,Critically endangered,India,IND
1123,Nyishangba,Definitely endangered,Nepal,NPL
1532,Ottawa (Walpole Island),Severely endangered,Canada,CAN
1532,Ottawa (Walpole Island),Severely endangered,United States of America,USA
1572,Prasun,Definitely endangered,Afghanistan,AFG
2033,Rukai,Vulnerable,China,CHN
311,Sáliba,Severely endangered,Colombia,COL
311,Sáliba,Severely endangered,Venezuela (Bolivarian Republic of),VEN
2411,Sangkong,Vulnerable,China,CHN
47,Sarwa,Definitely endangered,Chad,TCD
861,Shoshoni (Idaho),Severely endangered,United States of America,USA
1469,Shoshoni (Nevada),Severely endangered,United States of America,USA
1468,Shoshoni (Wyoming),Severely endangered,United States of America,USA
1222,Tai Phake,Severely endangered,India,IND
2,Tamazight (Arzew),Critically endangered,Algeria,DZA
561,Tanglang,Vulnerable,China,CHN
1748,Tchitchege,Definitely endangered,Gabon,GAB
1194,Tinan,Definitely endangered,China,CHN
1194,Tinan,Definitely endangered,India,IND
591,Tsafiki,Definitely endangered,Ecuador,ECU
1662,Ukhwejo,Severely endangered,Central African Republic,CAF
733,Urarina,Vulnerable,Peru,PER
1836,Ushojo,Definitely endangered,Pakistan,PAK
895,Waigali,Definitely endangered,Afghanistan,AFG
758,Waotededo,Vulnerable,Ecuador,ECU
2482,Wotapuri-Katarqalai,Definitely endangered,Afghanistan,AFG
1426,Wutun,Definitely endangered,China,CHN
579,Candoshi,Definitely endangered,Peru,PER
1771,Hupda (Brazil),Vulnerable,Brazil,BRA
975,Mixtec of the central Ravine,Definitely endangered,Mexico,MEX
1654,Kendeje,Definitely endangered,Chad,TCD
1043,Hunzib,Definitely endangered,Russian Federation,RUS
1328,Tchumbuli,Critically endangered,Benin,BEN
747,Cashibo-Cacataibo,Definitely endangered,Peru,PER
2679,Grass Koiari,Vulnerable,Papua New Guinea,PNG
2536,Isirawa,Vulnerable,Indonesia,IDN
2292,Lanoh,Critically endangered,Malaysia,MYS
2310,Lemolang,Vulnerable,Indonesia,IDN
2602,Nila (Seram Island),Definitely endangered,Indonesia,IDN
2437,Shixing,Definitely endangered,China,CHN
1360,Chuj (Mexico),Critically endangered,Mexico,MEX
435,Darma,Definitely endangered,India,IND
435,Darma,Definitely endangered,Nepal,NPL
1407,Kung,Severely endangered,Cameroon,CMR
302,Lokono (Guyana),Critically endangered,Guyana,GUY
302,Lokono (Guyana),Critically endangered,Venezuela (Bolivarian Republic of),VEN
433,Byangsi,Definitely endangered,India,IND
433,Byangsi,Definitely endangered,Nepal,NPL
518,Pasing,Definitely endangered,Lao People's Democratic Republic,LAO
1110,Yamphu,Definitely endangered,Nepal,NPL
2272,Andio,Vulnerable,Indonesia,IDN
765,Cheyenne (Montana),Definitely endangered,United States of America,USA
2178,Kumzari,Severely endangered,Oman,OMN
1946,Quechua of Yauyos,Critically endangered,Peru,PER
1467,Bainouk-Samik,Severely endangered,Senegal,SEN
2239,Côông,Definitely endangered,Viet Nam,VNM
268,Dogrib,Vulnerable,Canada,CAN
840,Upland Yuman,Vulnerable,United States of America,USA
1018,Eastern Cuicatec,Vulnerable,Mexico,MEX
2059,Tamazight (Ait Rouadi),Extinct,Morocco,MAR
2348,Woleaian,Severely endangered,Micronesia (Federated States of),FSM
921,Huehuetla Tepehua,Definitely endangered,Mexico,MEX
1630,Kadiwéu,Definitely endangered,Brazil,BRA
1539,Southern Tiwa (Isleta Pueblo),Definitely endangered,United States of America,USA
1538,Southern Tiwa (Sandia Pueblo),Definitely endangered,United States of America,USA
1540,Tewa (Arizona),Definitely endangered,United States of America,USA
877,Tewa (New Mexico),Severely endangered,United States of America,USA
1377,ǁGana,Vulnerable,Botswana,BWA
1761,Akwáwa,Vulnerable,Brazil,BRA
1017,Northern Cuicatec,Vulnerable,Mexico,MEX
1284,Chiquihuitlán Mazatec,Definitely endangered,Mexico,MEX
1955,Apinajé,Vulnerable,Brazil,BRA
1848,Bashkarik,Severely endangered,Pakistan,PAK
434,Chintang,Severely endangered,Nepal,NPL
473,Forest Nenets,Severely endangered,Russian Federation,RUS
2000,Hupda (Colombia),Definitely endangered,Colombia,COL
2291,Jah Hut,Severely endangered,Malaysia,MYS
15,Jeri,Severely endangered,Côte d'Ivoire,CIV
1645,Jonkor Bourmataguil,Severely endangered,Chad,TCD
90,K'emant,Severely endangered,Ethiopia,ETH
1184,Kanashi,Definitely endangered,India,IND
1869,Karajá,Vulnerable,Brazil,BRA
1518,Karelian (Tikhvin),Severely endangered,Russian Federation,RUS
1412,Kendem,Severely endangered,Cameroon,CMR
1221,Khamba,Definitely endangered,China,CHN
1221,Khamba,Definitely endangered,India,IND
1226,Lishpa,Definitely endangered,India,IND
1812,Mayoruna (Brazil),Vulnerable,Brazil,BRA
786,Mescalero-Chiricahua Apache (New Mexico),Definitely endangered,United States of America,USA
2403,Numao Bunu,Definitely endangered,China,CHN
2282,Orang Seletar,Severely endangered,Malaysia,MYS
1909,Palenque Creole,Definitely endangered,Colombia,COL
2257,Pong,Definitely endangered,Lao People's Democratic Republic,LAO
2032,Pyuma,Vulnerable,China,CHN
2039,Saaroa,Critically endangered,China,CHN
2317,Saluan,Vulnerable,Indonesia,IDN
2295,Semaq Beri,Critically endangered,Malaysia,MYS
1722,Talodi,Critically endangered,Sudan,SDN
304,Wayana (Suriname),Vulnerable,Suriname,SUR
215,Wik Mungkan,Vulnerable,Australia,AUS
2355,Natsilingmiutut,Vulnerable,Canada,CAN
635,Movima,Severely endangered,Bolivia (Plurinational State of),BOL
1661,Ngombe,Definitely endangered,Central African Republic,CAF
589,Cinta Larga,Vulnerable,Brazil,BRA
2234,Dupaninan Agta,Vulnerable,Philippines,PHL
1724,Tese,Critically endangered,Sudan,SDN
1805,Bororo,Definitely endangered,Brazil,BRA
2346,Puluwat,Severely endangered,Micronesia (Federated States of),FSM
1757,Kanela Rankokamekra,Vulnerable,Brazil,BRA
1646,Saba,Definitely endangered,Chad,TCD
1807,Kurripako (Brazil),Vulnerable,Brazil,BRA
2253,Triw,Definitely endangered,Lao People's Democratic Republic,LAO
1341,Guernsey French,Severely endangered,United Kingdom of Great Britain and Northern Ireland,GBR
2344,Paafang,Severely endangered,Micronesia (Federated States of),FSM
442,Chɨlɨng,Definitely endangered,Nepal,NPL
947,Zapotec of the Valleys north,Severely endangered,Mexico,MEX
343,Cypriot Arabic,Severely endangered,Cyprus,CYP
2067,Palikur (Brazil),Vulnerable,Brazil,BRA
1196,Sanenyo,Critically endangered,India,IND
1287,Tecóatl Mazatec,Vulnerable,Mexico,MEX
1833,Xinka,Critically endangered,Guatemala,GTM
920,Ozomatlán Totonac,Critically endangered,Mexico,MEX
1126,Kāgate,Definitely endangered,Nepal,NPL
628,Maxakali,Vulnerable,Brazil,BRA
2688,Murik,Vulnerable,Papua New Guinea,PNG
1580,Pengo,Critically endangered,India,IND
1809,Marúbo,Vulnerable,Brazil,BRA
1968,Aivilingmiutut,Vulnerable,Canada,CAN
1634,Besme,Severely endangered,Chad,TCD
2605,Oirata,Definitely endangered,Indonesia,IDN
1093,Lohorung,Severely endangered,Nepal,NPL
1709,Harakmbut,Definitely endangered,Peru,PER
2416,Buyang,Severely endangered,China,CHN
2279,Dakka,Vulnerable,Indonesia,IDN
2289,Mah Meri,Severely endangered,Malaysia,MYS
588,Manjui,Definitely endangered,Argentina,ARG
588,Manjui,Definitely endangered,Bolivia (Plurinational State of),BOL
588,Manjui,Definitely endangered,Paraguay,PRY
2613,Te'un (Seram Island),Definitely endangered,Indonesia,IDN
2034,Tsou,Vulnerable,China,CHN
2614,Ujir,Definitely endangered,Indonesia,IDN
2420,White Gelao (China),Severely endangered,China,CHN
2252,Dakkang,Definitely endangered,Lao People's Democratic Republic,LAO
2359,Northern Algonquin,Vulnerable,Canada,CAN
1923,Akawaio (Brazil),Vulnerable,Brazil,BRA
1272,Huehuetlán Mazatec,Vulnerable,Mexico,MEX
1697,Trio (Brazil),Vulnerable,Brazil,BRA
2636,Savo,Definitely endangered,Solomon Islands,SLB
1830,Tektitek,Definitely endangered,Guatemala,GTM
2493,Fwâi,Vulnerable,New Caledonia (France),NCL
1855,Waimirí-Atroarí,Vulnerable,Brazil,BRA
1913,Guayabero,Definitely endangered,Colombia,COL
2502,Fagauvea (Northern),Vulnerable,New Caledonia (France),NCL
2503,Fagauvea (Southern),Vulnerable,New Caledonia (France),NCL
1649,Fania,Severely endangered,Chad,TCD
1642,Ubi,Severely endangered,Chad,TCD
1731,Warnang,Severely endangered,Sudan,SDN
1788,Itzá,Critically endangered,Guatemala,GTM
974,Mixtec of the southwest of Puebla,Definitely endangered,Mexico,MEX
924,Lowland Chontal,Critically endangered,Mexico,MEX
530,Koireng,Critically endangered,India,IND
584,Chipaya,Definitely endangered,Bolivia (Plurinational State of),BOL
2340,Mokilese,Critically endangered,Micronesia (Federated States of),FSM
1499,Western Náhuatl,Severely endangered,Mexico,MEX
1270,Acatepec Mazatec,Vulnerable,Mexico,MEX
973,Mixtec of Villa de Tututepec,Definitely endangered,Mexico,MEX
1575,Toda,Critically endangered,India,IND
2580,Adabe,Vulnerable,Timor-Leste,TLS
463,Alutor,Severely endangered,Russian Federation,RUS
1455,Arapaho (Wyoming),Severely endangered,United States of America,USA
113,Beeke,Severely endangered,Democratic Republic of the Congo,COD
1453,Blackfoot (United States of America),Definitely endangered,United States of America,USA
1612,Bohtan Neo-Aramaic,Severely endangered,Georgia,GEO
1612,Bohtan Neo-Aramaic,Severely endangered,Russian Federation,RUS
2441,Bola,Definitely endangered,China,CHN
95,Bong'om,Definitely endangered,Kenya,KEN
736,Bora,Vulnerable,Colombia,COL
736,Bora,Vulnerable,Peru,PER
482,Central Siberian Yupik (St. Lawrence Island),Definitely endangered,United States of America,USA
1249,Chali,Definitely endangered,Bhutan,BTN
1536,Cherokee (North Carolina),Severely endangered,United States of America,USA
590,Cocama-Cocamilla (Peru),Severely endangered,Peru,PER
1698,Dair,Severely endangered,Sudan,SDN
1251,Dakpa,Definitely endangered,Bhutan,BTN
1251,Dakpa,Definitely endangered,India,IND
2616,Dampelas,Definitely endangered,Indonesia,IDN
521,Danaw,Critically endangered,Myanmar,MMR
1320,Ega,Severely endangered,Côte d'Ivoire,CIV
75,El Hugeirat,Severely endangered,Sudan,SDN
2630,Faghani,Vulnerable,Solomon Islands,SLB
1657,Fongoro,Severely endangered,Chad,TCD
773,Gambiri,Severely endangered,Afghanistan,AFG
1254,Gongduk,Vulnerable,Bhutan,BTN
2590,Gorap,Definitely endangered,Indonesia,IDN
184,Guugu Yimidhirr,Vulnerable,Australia,AUS
1383,Gyem,Critically endangered,Nigeria,NGA
2584,Habu,Vulnerable,Timor-Leste,TLS
712,Hawaiian,Critically endangered,United States of America,USA
1984,Hértevin,Critically endangered,Turkey,TUR
2207,Hu,Definitely endangered,China,CHN
1031,Hualapai,Vulnerable,United States of America,USA
526,Hung,Definitely endangered,Lao People's Democratic Republic,LAO
526,Hung,Definitely endangered,Viet Nam,VNM
1049,Inkhokvari,Definitely endangered,Russian Federation,RUS
1437,Ishkashimi,Severely endangered,Tajikistan,TJK
1410,Iyive,Severely endangered,Cameroon,CMR
1496,Jiongnai Bunu,Definitely endangered,China,CHN
49,Kaande,Severely endangered,Gabon,GAB
2226,Kaco',Definitely endangered,Cambodia,KHM
528,Kadu,Severely endangered,Myanmar,MMR
2585,Kairui-Midiki,Vulnerable,Timor-Leste,TLS
112,Kari,Severely endangered,Democratic Republic of the Congo,COD
1235,Kayabi,Vulnerable,Brazil,BRA
1098,Khowa,Definitely endangered,India,IND
2306,Kodeoha,Vulnerable,Indonesia,IDN
1656,Kujarge,Definitely endangered,Chad,TCD
2081,Kukatja,Vulnerable,Australia,AUS
2681,Kuot,Vulnerable,Papua New Guinea,PNG
684,Lokono (Suriname),Severely endangered,French Guiana (France),GUF
684,Lokono (Suriname),Severely endangered,Suriname,SUR
1746,Mahongwe,Severely endangered,Gabon,GAB
456,Manchurian Ölöt,Severely endangered,China,CHN
542,May,Definitely endangered,Lao People's Democratic Republic,LAO
542,May,Definitely endangered,Viet Nam,VNM
48,Mbara,Severely endangered,Chad,TCD
1195,Mech,Severely endangered,India,IND
1511,Mòcheno,Definitely endangered,Italy,ITA
2586,Naueti,Vulnerable,Timor-Leste,TLS
143,North Greenlandic,Definitely endangered,Greenland (Kingdom of Denmark),GRL
2262,Ormuri,Definitely endangered,Pakistan,PAK
2262,Ormuri,Definitely endangered,Afghanistan,AFG
1622,Paiter,Vulnerable,Brazil,BRA
1814,Pareci,Definitely endangered,Brazil,BRA
987,Pasi,Definitely endangered,India,IND
1348,Resian,Definitely endangered,Italy,ITA
553,Sach,Definitely endangered,Lao People's Democratic Republic,LAO
553,Sach,Definitely endangered,Viet Nam,VNM
1745,Sake,Severely endangered,Gabon,GAB
346,Saterlandic,Severely endangered,Germany,DEU
2405,She,Critically endangered,China,CHN
1498,Shumashti,Severely endangered,Afghanistan,AFG
1747,Sighu,Severely endangered,Gabon,GAB
2566,Sobei,Definitely endangered,Indonesia,IDN
563,Thavung (Laos),Definitely endangered,Lao People's Democratic Republic,LAO
563,Thavung (Laos),Definitely endangered,Thailand,THA
1740,Tirma,Critically endangered,Sudan,SDN
2323,Tombelala,Vulnerable,Indonesia,IDN
448,Toto,Critically endangered,India,IND
315,Trio (Suriname),Vulnerable,Suriname,SUR
2258,Tum,Definitely endangered,Lao People's Democratic Republic,LAO
1414,Tuotomb,Severely endangered,Cameroon,CMR
596,Yatê,Severely endangered,Brazil,BRA
2260,Zaiwa,Definitely endangered,China,CHN
2260,Zaiwa,Definitely endangered,India,IND
84,Zay,Severely endangered,Ethiopia,ETH
2190,Zenaga (Western Sahara),Critically endangered,Western Sahara,ESH
1376,|Gui,Vulnerable,Botswana,BWA
1396,ǁAni,Definitely endangered,Botswana,BWA
1900,Buglé,Definitely endangered,Panama,PAN
1706,Ka'apór,Vulnerable,Brazil,BRA
114,Hadza,Vulnerable,United Republic of Tanzania,TZA
186,Kunwinjku,Vulnerable,Australia,AUS
1781,Bakairi,Vulnerable,Brazil,BRA
2501,Drubea,Vulnerable,New Caledonia (France),NCL
2342,Namonuito,Severely endangered,Micronesia (Federated States of),FSM
1395,Hya,Severely endangered,Cameroon,CMR
1395,Hya,Severely endangered,Nigeria,NGA
602,Machineri (Brazil),Vulnerable,Brazil,BRA
2381,South Slavey,Definitely endangered,Canada,CAN
1707,Wajãpi,Vulnerable,Brazil,BRA
1095,Mewahang,Severely endangered,Nepal,NPL
1261,Awapit,Severely endangered,Ecuador,ECU
290,Chimila,Severely endangered,Colombia,COL
1419,Kua,Definitely endangered,Botswana,BWA
1741,Njalgulgule,Severely endangered,Sudan,SDN
1865,Pech,Severely endangered,Honduras,HND
1819,Rikbaktsa,Severely endangered,Brazil,BRA
2490,Caac,Vulnerable,New Caledonia (France),NCL
254,Inuinnaqtun,Definitely endangered,Canada,CAN
2496,Voh-Koné dialects,Definitely endangered,New Caledonia (France),NCL
2353,Kuna (Colombia),Severely endangered,Colombia,COL
1764,Dení,Vulnerable,Brazil,BRA
562,Tarao,Critically endangered,India,IND
146,Santa María del Mar Huave,Severely endangered,Mexico,MEX
2343,Nukuoro,Definitely endangered,Micronesia (Federated States of),FSM
972,Mixtec of Santa Cruz Itundujia,Definitely endangered,Mexico,MEX
953,"Zapotec of the Southern mountains, northeast",Definitely endangered,Mexico,MEX
2489,Kumak,Vulnerable,New Caledonia (France),NCL
710,Pukapukan,Definitely endangered,Cook Islands,COK
2598,Lola,Vulnerable,Indonesia,IDN
1785,Ashaninka (Brazil),Vulnerable,Brazil,BRA
2370,Ottawa (Canada),Severely endangered,Canada,CAN
2370,Ottawa (Canada),Severely endangered,United States of America,USA
33,Bati,Severely endangered,Cameroon,CMR
1906,Chorote Iyojwa'ja,Severely endangered,Argentina,ARG
1906,Chorote Iyojwa'ja,Severely endangered,Paraguay,PRY
1411,Eman,Severely endangered,Cameroon,CMR
34,Isu,Severely endangered,Cameroon,CMR
1772,Jamamadí,Vulnerable,Brazil,BRA
1941,Javaé,Definitely endangered,Brazil,BRA
1416,Nubaca,Severely endangered,Cameroon,CMR
2314,Panasuan,Definitely endangered,Indonesia,IDN
2055,Piaroa (Colombia),Definitely endangered,Colombia,COL
875,Taos,Definitely endangered,United States of America,USA
2708,Taulil,Vulnerable,Papua New Guinea,PNG
1854,Tuyuca (Brazil),Vulnerable,Brazil,BRA
1124,Kaike,Definitely endangered,Nepal,NPL
372,Kildin Saami,Severely endangered,Russian Federation,RUS
740,Ese eja,Definitely endangered,Bolivia (Plurinational State of),BOL
740,Ese eja,Definitely endangered,Peru,PER
2214,Central Cagayan Agta,Vulnerable,Philippines,PHL
971,Mixtec of Santa Inés de Zaragoza,Definitely endangered,Mexico,MEX
1282,Ocopetatillo Mazatec,Vulnerable,Mexico,MEX
607,Jaqaru,Severely endangered,Peru,PER
1989,Waiwai (Suriname),Critically endangered,Suriname,SUR
1639,Laal,Critically endangered,Chad,TCD
506,Ulcha,Critically endangered,Russian Federation,RUS
2491,Jawe,Vulnerable,New Caledonia (France),NCL
46,Maslam,Severely endangered,Cameroon,CMR
46,Maslam,Severely endangered,Chad,TCD
620,Nambiquara do Sul,Vulnerable,Brazil,BRA
2358,North Slavey,Definitely endangered,Canada,CAN
266,Gitksan,Severely endangered,Canada,CAN
1835,A'ingae / Cofan (Ecuador),Definitely endangered,Ecuador,ECU
18,Animere,Critically endangered,Ghana,GHA
2288,Batek,Critically endangered,Malaysia,MYS
2269,Enggano,Vulnerable,Indonesia,IDN
1703,Indri,Severely endangered,Sudan,SDN
193,Kalaw Lagaw Ya,Definitely endangered,Australia,AUS
2514,Lakon,Vulnerable,Vanuatu,VUT
2406,Mok (China),Definitely endangered,China,CHN
2078,Ngaanyatjarra,Vulnerable,Australia,AUS
2625,Ngatikese Men's Creole,Definitely endangered,Micronesia (Federated States of),FSM
1845,Piratapuya (Brazil),Severely endangered,Brazil,BRA
1488,Mountain Guarijío,Vulnerable,Mexico,MEX
496,Nivkh (Sakhalin),Severely endangered,Russian Federation,RUS
1759,Krikati,Vulnerable,Brazil,BRA
273,Dakota,Definitely endangered,Canada,CAN
1241,Carrier,Severely endangered,Canada,CAN
936,Matlatzinca,Definitely endangered,Mexico,MEX
1308,Kasanga,Critically endangered,Guinea-Bissau,GNB
1856,Wanano / Kotiria (Brazil),Vulnerable,Brazil,BRA
1266,Central Popoloc,Severely endangered,Mexico,MEX
2364,Eastern Ojibwe,Severely endangered,Canada,CAN
1487,River Guarijío,Vulnerable,Mexico,MEX
1858,Yuhup (Brazil),Vulnerable,Brazil,BRA
933,Ocoyoacac Otomí,Severely endangered,Mexico,MEX
1402,Akum,Critically endangered,Cameroon,CMR
1402,Akum,Critically endangered,Nigeria,NGA
2628,Blablanga,Definitely endangered,Solomon Islands,SLB
1418,Bubia,Severely endangered,Cameroon,CMR
897,Chickasaw,Severely endangered,United States of America,USA
1628,Desano (Brazil),Definitely endangered,Brazil,BRA
351,Faetar,Definitely endangered,Italy,ITA
1668,Hixkaryána,Vulnerable,Brazil,BRA
2633,Hoava,Vulnerable,Solomon Islands,SLB
297,Hodi,Vulnerable,Venezuela (Bolivarian Republic of),VEN
753,Iñapari,Critically endangered,Peru,PER
1648,Koke,Severely endangered,Chad,TCD
2545,Kowiai,Vulnerable,Indonesia,IDN
1236,Kuikuro,Vulnerable,Brazil,BRA
2308,Laiyolo,Definitely endangered,Indonesia,IDN
1734,Mo'da,Critically endangered,Sudan,SDN
497,Northern Selkup,Severely endangered,Russian Federation,RUS
2623,Penrhyn,Severely endangered,Cook Islands,COK
2082,Pintupi,Vulnerable,Australia,AUS
2010,Piratapuya (Colombia),Critically endangered,Colombia,COL
757,Siona / Secoya (Ecuador),Severely endangered,Ecuador,ECU
716,Sonsorol,Severely endangered,Palau,PLW
2627,Teanu,Definitely endangered,Solomon Islands,SLB
1912,Yaminahua (Brazil),Vulnerable,Brazil,BRA
568,Andoke,Severely endangered,Colombia,COL
980,Southern Tlapanec,Severely endangered,Mexico,MEX
2497,Orowe,Definitely endangered,New Caledonia (France),NCL
633,Mosetén,Severely endangered,Bolivia (Plurinational State of),BOL
2251,Chatong,Definitely endangered,Lao People's Democratic Republic,LAO
715,Norfolk-Pitcairn (Norfolk),Definitely endangered,Norfolk Island (Australia),NFK
2361,Nunatsiavummiutut,Definitely endangered,Canada,CAN
2379,Shuswap,Definitely endangered,Canada,CAN
2500,Xaragure,Vulnerable,New Caledonia (France),NCL
1872,Tapirapé,Vulnerable,Brazil,BRA
1355,Lacandón,Critically endangered,Mexico,MEX
952,Zapotec of Zimatlán de Álvarez,Definitely endangered,Mexico,MEX
800,Chilcotin,Definitely endangered,Canada,CAN
1952,Chácobo,Definitely endangered,Bolivia (Plurinational State of),BOL
2631,Gao,Vulnerable,Solomon Islands,SLB
1660,Geme,Critically endangered,Central African Republic,CAF
2678,Karore,Vulnerable,Papua New Guinea,PNG
2001,Yuhup (Colombia),Definitely endangered,Colombia,COL
982,Western Tlapanec,Vulnerable,Mexico,MEX
1048,Hinukh,Definitely endangered,Russian Federation,RUS
2656,Anuki,Definitely endangered,Papua New Guinea,PNG
1294,Imeraguen,Definitely endangered,Mauritania,MRT
1122,Narpa,Definitely endangered,Nepal,NPL
1357,Akatek (Mexico),Vulnerable,Mexico,MEX
2354,Naskapi,Vulnerable,Canada,CAN
1038,Archi,Definitely endangered,Russian Federation,RUS
647,Yawanawá,Vulnerable,Brazil,BRA
1175,Raute,Severely endangered,Nepal,NPL
1080,Seri,Vulnerable,Mexico,MEX
1267,Western Popoloc,Severely endangered,Mexico,MEX
872,Yaqui (United States of America),Definitely endangered,United States of America,USA
1451,Kalapalo,Vulnerable,Brazil,BRA
491,Nganasan,Severely endangered,Russian Federation,RUS
2719,Jakaltek (Mexico),Severely endangered,Mexico,MEX
951,Zapotec of San Antonino el Alto,Definitely endangered,Mexico,MEX
550,Purum,Critically endangered,India,IND
546,Aheu,Definitely endangered,Lao People's Democratic Republic,LAO
752,Amahuaca,Severely endangered,Peru,PER
86,Anfillo,Critically endangered,Ethiopia,ETH
1514,Arbanasi,Severely endangered,Croatia,HRV
681,Baniva,Severely endangered,Venezuela (Bolivarian Republic of),VEN
2169,Bataan Ayta,Definitely endangered,Philippines,PHL
1041,Bats,Severely endangered,Georgia,GEO
965,Black Mountain,Definitely endangered,Bhutan,BTN
2615,Busoa,Vulnerable,Indonesia,IDN
1004,Chong,Severely endangered,Cambodia,KHM
1004,Chong,Severely endangered,Thailand,THA
43,Domaaki,Severely endangered,Pakistan,PAK
522,Ganan,Severely endangered,Myanmar,MMR
1032,Havasupai,Definitely endangered,United States of America,USA
1007,Kensiw (Thailand),Severely endangered,Thailand,THA
2206,Khmin,Vulnerable,China,CHN
1050,Khvarshi,Definitely endangered,Russian Federation,RUS
2487,Kundal Shahi,Definitely endangered,India,IND
2487,Kundal Shahi,Definitely endangered,Pakistan,PAK
2242,Laghuu,Definitely endangered,Viet Nam,VNM
532,Laha (Lao Cai),Definitely endangered,Viet Nam,VNM
2197,Laha (Son La),Definitely endangered,Viet Nam,VNM
1404,Langa,Severely endangered,Cameroon,CMR
2682,Laxudumau,Vulnerable,Papua New Guinea,PNG
1394,Majera,Critically endangered,Cameroon,CMR
772,Maliseet-Passamaquoddy,Severely endangered,United States of America,USA
1543,Mikasuki,Vulnerable,United States of America,USA
1299,Mlomp,Critically endangered,Senegal,SEN
2560,Onin,Vulnerable,Indonesia,IDN
2561,Ormu,Vulnerable,Indonesia,IDN
306,Palikur (French Guyana),Severely endangered,French Guiana (France),GUF
1918,Pemon (Brazil),Vulnerable,Brazil,BRA
996,Quechua of Chachapoyas,Critically endangered,Peru,PER
2449,Samatu,Critically endangered,China,CHN
1163,Seke,Vulnerable,Nepal,NPL
2056,Siona / Secoya (Colombia),Critically endangered,Colombia,COL
414,South Saami,Severely endangered,Norway,NOR
414,South Saami,Severely endangered,Sweden,SWE
2567,Taikat,Definitely endangered,Indonesia,IDN
2319,Taloki,Definitely endangered,Indonesia,IDN
1644,Tamki,Critically endangered,Chad,TCD
1866,Tawahka,Severely endangered,Honduras,HND
1003,Thavung (Thailand),Severely endangered,Thailand,THA
2322,Tomadino,Definitely endangered,Indonesia,IDN
2619,Toratán,Definitely endangered,Indonesia,IDN
1292,Tunisian Judeo-Arabic (Tunisia),Critically endangered,Tunisia,TUN
1890,Ulwa,Severely endangered,Nicaragua,NIC
1472,"Ute (Colorado, Ute Mountain)",Severely endangered,United States of America,USA
237,Walmajarri,Definitely endangered,Australia,AUS
321,Warekena (Venezuela),Severely endangered,Venezuela (Bolivarian Republic of),VEN
64,Boguru,Critically endangered,Democratic Republic of the Congo,COD
64,Boguru,Critically endangered,Sudan,SDN
1937,Pukobyê,Vulnerable,Brazil,BRA
2255,Swoeng,Definitely endangered,Lao People's Democratic Republic,LAO
1730,Wali,Critically endangered,Sudan,SDN
1667,Gavião do Pará,Vulnerable,Brazil,BRA
2352,Malecite,Definitely endangered,Canada,CAN
2352,Malecite,Definitely endangered,United States of America,USA
1915,Ninam (Brazil),Vulnerable,Brazil,BRA
1626,Zoró,Vulnerable,Brazil,BRA
1917,Sanema (Brazil),Vulnerable,Brazil,BRA
935,Ixtenco Otomí,Severely endangered,Mexico,MEX
1533,Ottawa (Michigan),Critically endangered,United States of America,USA
1756,Kanela Apaniekra,Vulnerable,Brazil,BRA
2347,Satawal,Severely endangered,Micronesia (Federated States of),FSM
956,Chatino of Zacatepec,Definitely endangered,Mexico,MEX
2527,Demisa,Definitely endangered,Indonesia,IDN
899,Koasati (Louisiana),Definitely endangered,United States of America,USA
1544,Koasati (Texas),Definitely endangered,United States of America,USA
730,Nanti,Vulnerable,Peru,PER
82,Shabo,Severely endangered,Ethiopia,ETH
750,Sharanahua,Severely endangered,Peru,PER
653,Siona  Secoya (Peru),Definitely endangered,Peru,PER
2653,Tolomako,Definitely endangered,Vanuatu,VUT
1820,Enawenê-Nawê,Vulnerable,Brazil,BRA
1029,Valle Nacional Chinantec,Definitely endangered,Mexico,MEX
598,Gavião de Rondônia,Vulnerable,Brazil,BRA
1500,Tabasco Náhuatl,Critically endangered,Mexico,MEX
2703,Sera,Severely endangered,Papua New Guinea,PNG
1921,Yecuana (Brazil),Vulnerable,Brazil,BRA
1331,Alabugat Tatar,Definitely endangered,Russian Federation,RUS
950,"Zapotec of the Southern mountains, eastern lowlands",Definitely endangered,Mexico,MEX
931,Western Otomí,Severely endangered,Mexico,MEX
282,Moose Cree,Vulnerable,Canada,CAN
937,Tlahuica,Severely endangered,Mexico,MEX
616,Katukina do Acre,Severely endangered,Brazil,BRA
2264,Abai Sungai,Definitely endangered,Malaysia,MYS
1999,Barasana (Colombia),Critically endangered,Colombia,COL
1403,Beezen,Severely endangered,Cameroon,CMR
66,Buga,Critically endangered,Sudan,SDN
1456,Cheyenne (Oklahoma),Severely endangered,United States of America,USA
1345,Cimbrian,Definitely endangered,Italy,ITA
10,Cobiana,Critically endangered,Guinea-Bissau,GNB
10,Cobiana,Critically endangered,Senegal,SEN
449,Dagur (Amur),Critically endangered,China,CHN
101,Dahalo,Severely endangered,Kenya,KEN
293,Émérillon,Severely endangered,French Guiana (France),GUF
671,Gagauz (Maritime),Severely endangered,Bulgaria,BGR
671,Gagauz (Maritime),Severely endangered,Romania,ROU
1415,Hijuk,Critically endangered,Cameroon,CMR
1821,Hobyot,Severely endangered,Oman,OMN
1821,Hobyot,Severely endangered,Yemen,YEM
359,Inari Saami,Severely endangered,Finland,FIN
363,Istriot,Severely endangered,Croatia,HRV
2305,Kalao,Definitely endangered,Indonesia,IDN
1510,Kamaiurá,Vulnerable,Brazil,BRA
769,Kickapoo (Kansas),Severely endangered,United States of America,USA
1527,Kickapoo (Oklahoma),Severely endangered,United States of America,USA
1528,Kickapoo (Texas),Severely endangered,United States of America,USA
873,Kiowa,Severely endangered,United States of America,USA
2307,Koroni,Definitely endangered,Indonesia,IDN
1200,Lamongse,Critically endangered,India,IND
1392,Ndunda,Severely endangered,Nigeria,NGA
859,Northern Paiute (Nevada),Definitely endangered,United States of America,USA
549,Pupeo,Definitely endangered,China,CHN
705,Rapa,Severely endangered,French Polynesia (France),PYF
2419,Red Gelao (China),Critically endangered,China,CHN
2701,Sengseng,Vulnerable,Papua New Guinea,PNG
1914,Sirionó,Severely endangered,Bolivia (Plurinational State of),BOL
2320,Talondo,Definitely endangered,Indonesia,IDN
751,"Yaminahua (Bolivia, Peru)",Severely endangered,Bolivia (Plurinational State of),BOL
751,"Yaminahua (Bolivia, Peru)",Severely endangered,Peru,PER
969,Mixtec of Zapotitlán,Severely endangered,Mexico,MEX
1977,Sanema (Venezuela),Vulnerable,Venezuela (Bolivarian Republic of),VEN
1409,Ts'ixa,Definitely endangered,Botswana,BWA
1843,Pirahã,Vulnerable,Brazil,BRA
968,Mixtec of San Pedro Tidaá,Severely endangered,Mexico,MEX
2423,Yerong,Severely endangered,China,CHN
1882,A'ingae / Cofan (Colombia),Severely endangered,Colombia,COL
258,Halkomelem,Severely endangered,Canada,CAN
258,Halkomelem,Severely endangered,United States of America,USA
1237,Yudja,Vulnerable,Brazil,BRA
1238,Kisêdjê,Vulnerable,Brazil,BRA
2488,Auye,Vulnerable,Indonesia,IDN
2519,Awyi,Vulnerable,Indonesia,IDN
2640,Bierebo,Vulnerable,Vanuatu,VUT
2533,Fayu,Vulnerable,Indonesia,IDN
2643,Labo,Vulnerable,Vanuatu,VUT
1512,Mra,Critically endangered,China,CHN
1512,Mra,Critically endangered,India,IND
1868,Myky,Vulnerable,Brazil,BRA
1191,Na,Critically endangered,China,CHN
1191,Na,Critically endangered,India,IND
1839,Nadëb,Definitely endangered,Brazil,BRA
2318,Taje,Critically endangered,Indonesia,IDN
1849,Tenharim,Severely endangered,Brazil,BRA
303,Mako,Critically endangered,Venezuela (Bolivarian Republic of),VEN
430,Barām,Critically endangered,Nepal,NPL
1239,Ikpeng,Vulnerable,Brazil,BRA
357,Gardiol,Severely endangered,Italy,ITA
1760,Araweté,Vulnerable,Brazil,BRA
926,Northern Pame,Definitely endangered,Mexico,MEX
2388,Thompson,Severely endangered,Canada,CAN
2611,Serili,Vulnerable,Indonesia,IDN
2676,Kaningara,Vulnerable,Papua New Guinea,PNG
914,Misantla Totonac,Critically endangered,Mexico,MEX
2492,Nemi,Definitely endangered,New Caledonia (France),NCL
1621,Nambiquara do Norte,Vulnerable,Brazil,BRA
1810,Matís,Vulnerable,Brazil,BRA
1240,Wauja,Vulnerable,Brazil,BRA
2330,Benggoi,Definitely endangered,Indonesia,IDN
614,Karitiana,Vulnerable,Brazil,BRA
761,Apalai,Vulnerable,Brazil,BRA
141,Kwak'wala,Critically endangered,Canada,CAN
141,Kwak'wala,Critically endangered,United States of America,USA
910,Southern Zoque,Definitely endangered,Mexico,MEX
446,Tilung,Definitely endangered,Nepal,NPL
1682,Opuuo,Critically endangered,Ethiopia,ETH
642,Panará,Vulnerable,Brazil,BRA
1690,Aka,Critically endangered,India,IND
1417,Bakole,Critically endangered,Cameroon,CMR
2088,Bathari,Critically endangered,Oman,OMN
592,Brokkat,Definitely endangered,Bhutan,BTN
2669,Duwet,Vulnerable,Papua New Guinea,PNG
2168,Faire Atta,Severely endangered,Philippines,PHL
2418,Green Gelao (China),Critically endangered,China,CHN
524,Green Gelao (Viet Nam),Critically endangered,Viet Nam,VNM
1884,Guatuso,Severely endangered,Costa Rica,CRI
187,Gupapuyngu,Vulnerable,Australia,AUS
364,Istro-Romanian,Severely endangered,Croatia,HRV
787,Jicarilla Apache,Severely endangered,United States of America,USA
2674,Kandas,Vulnerable,Papua New Guinea,PNG
1421,Kangjia,Severely endangered,China,CHN
1618,Kaxarari,Critically endangered,Brazil,BRA
2546,Kwansu,Vulnerable,Indonesia,IDN
2548,Legenyem,Vulnerable,Indonesia,IDN
1775,Mandaic,Critically endangered,Iran (Islamic Republic of),IRN
1775,Mandaic,Critically endangered,Iraq,IRQ
706,Mangareva,Severely endangered,French Polynesia (France),PYF
14,Mani,Critically endangered,Guinea,GIN
14,Mani,Critically endangered,Sierra Leone,SLE
2193,Maniq,Definitely endangered,Thailand,THA
1397,Mono,Critically endangered,Cameroon,CMR
1466,Northern Paiute (Oregon),Critically endangered,United States of America,USA
2256,Phong,Definitely endangered,Lao People's Democratic Republic,LAO
1632,Shanenawa,Vulnerable,Brazil,BRA
2699,Sissano,Critically endangered,Papua New Guinea,PNG
412,Skolt Saami,Severely endangered,Finland,FIN
412,Skolt Saami,Severely endangered,Norway,NOR
412,Skolt Saami,Severely endangered,Russian Federation,RUS
2569,Tarpia,Severely endangered,Indonesia,IDN
2570,Tause,Vulnerable,Indonesia,IDN
2080,Thaayorre,Definitely endangered,Australia,AUS
278,Tlingit (United States of America),Critically endangered,United States of America,USA
1863,Tol,Critically endangered,Honduras,HND
417,Tsakonian,Critically endangered,Greece,GRC
313,Tuahka,Severely endangered,Nicaragua,NIC
1471,Ute (Utah),Severely endangered,United States of America,USA
1593,Vedda,Definitely endangered,Sri Lanka,LKA
2509,Vera'a,Definitely endangered,Vanuatu,VUT
2700,Warapu,Severely endangered,Papua New Guinea,PNG
2325,Waru,Definitely endangered,Indonesia,IDN
324,Yawarana,Severely endangered,Venezuela (Bolivarian Republic of),VEN
2712,Yimas,Severely endangered,Papua New Guinea,PNG
934,Tilapa Otomí,Severely endangered,Mexico,MEX
1842,Paumarí,Severely endangered,Brazil,BRA
1700,Wayana (Brazil),Vulnerable,Brazil,BRA
284,Achagua,Severely endangered,Colombia,COL
1755,Guajá,Vulnerable,Brazil,BRA
1319,Maniwaki Algonquin,Severely endangered,Canada,CAN
898,Alabama,Definitely endangered,United States of America,USA
846,Cocopa (Arizona),Severely endangered,United States of America,USA
1637,Miltu,Critically endangered,Chad,TCD
1665,Arara do Pará,Vulnerable,Brazil,BRA
2673,Kaki Ae,Vulnerable,Papua New Guinea,PNG
2356,Nisga'a,Severely endangered,Canada,CAN
946,"Zapotec of the Valleys, central",Severely endangered,Mexico,MEX
2662,Bosilewa,Vulnerable,Papua New Guinea,PNG
2058,Caquinte Campa,Definitely endangered,Peru,PER
263,Gwich'in (Canada),Severely endangered,Canada,CAN
2335,Kaibobo,Definitely endangered,Indonesia,IDN
2672,Kaiep,Vulnerable,Papua New Guinea,PNG
2582,Kaiy,Vulnerable,Indonesia,IDN
2421,Laji,Critically endangered,China,CHN
2505,Lehali,Vulnerable,Vanuatu,VUT
138,Lillooet,Severely endangered,Canada,CAN
2506,Löyöp,Vulnerable,Vanuatu,VUT
228,Nyangumarta,Vulnerable,Australia,AUS
2227,Pear,Severely endangered,Cambodia,KHM
552,Ruc,Definitely endangered,Lao People's Democratic Republic,LAO
552,Ruc,Definitely endangered,Viet Nam,VNM
2564,Sause,Severely endangered,Indonesia,IDN
911,Texistepecan,Severely endangered,Mexico,MEX
889,Winnebago (Nebraska),Severely endangered,United States of America,USA
1550,Winnebago (Wisconsin),Severely endangered,United States of America,USA
945,Zapotec of San Bartolo Yautepec,Severely endangered,Mexico,MEX
967,Mixtec of San Miguel Piedras,Severely endangered,Mexico,MEX
253,North Alaskan Inupiaq (Canada),Severely endangered,Canada,CAN
318,Waiwai (Guyana),Vulnerable,Guyana,GUY
1888,As,Vulnerable,Indonesia,IDN
2380,Siglitun,Severely endangered,Canada,CAN
1366,K'iche' (Mexico),Definitely endangered,Mexico,MEX
725,Paipai,Severely endangered,Mexico,MEX
2670,Garuwahi,Definitely endangered,Papua New Guinea,PNG
876,Picuris,Vulnerable,United States of America,USA
2498,Neku,Severely endangered,New Caledonia (France),NCL
2499,Tiri,Definitely endangered,New Caledonia (France),NCL
1420,Danisi,Critically endangered,Botswana,BWA
2332,Emplawas,Definitely endangered,Indonesia,IDN
966,Mixtec of the northeast lowlands,Severely endangered,Mexico,MEX
2689,Musom,Definitely endangered,Papua New Guinea,PNG
2495,Pwaamèi,Definitely endangered,New Caledonia (France),NCL
949,"Zapotec of the Valleys, west",Definitely endangered,Mexico,MEX
1617,Karo,Vulnerable,Brazil,BRA
723,Cocopa (Mexico),Definitely endangered,Mexico,MEX
1793,Korúbo,Vulnerable,Brazil,BRA
1688,Aja,Critically endangered,Sudan,SDN
167,Antakirinya,Definitely endangered,Australia,AUS
516,Bana,Severely endangered,Lao People's Democratic Republic,LAO
2275,Baras,Severely endangered,Indonesia,IDN
2166,Batak,Definitely endangered,Philippines,PHL
51,Birri,Critically endangered,Central African Republic,CAF
2522,Bonggo,Severely endangered,Indonesia,IDN
147,Central Siberian Yupik (Chukotka),Severely endangered,Russian Federation,RUS
520,Chawte,Definitely endangered,Myanmar,MMR
2290,Che Wong,Definitely endangered,Malaysia,MYS
29,Defaka,Critically endangered,Nigeria,NGA
2668,Doga,Definitely endangered,Papua New Guinea,PNG
2511,Dorig,Definitely endangered,Vanuatu,VUT
720,Dukha,Severely endangered,Mongolia,MNG
2641,Emae,Vulnerable,Vanuatu,VUT
2532,Erokwanas,Vulnerable,Indonesia,IDN
1841,Gowro,Severely endangered,Pakistan,PAK
439,Hayu,Critically endangered,Nepal,NPL
882,Hidatsa,Definitely endangered,United States of America,USA
360,Ingrian,Severely endangered,Russian Federation,RUS
191,Iwaidja,Vulnerable,Australia,AUS
2334,Kadai,Definitely endangered,Indonesia,IDN
2336,Kao,Definitely endangered,Indonesia,IDN
1683,Karo,Critically endangered,Ethiopia,ETH
1732,Kelo,Critically endangered,Sudan,SDN
2635,Kokota,Vulnerable,Solomon Islands,SLB
2544,Koneraw,Vulnerable,Indonesia,IDN
1790,Koroshi,Critically endangered,Iran (Islamic Republic of),IRN
2684,Magori,Vulnerable,Papua New Guinea,PNG
210,Maung,Vulnerable,Australia,AUS
1508,Mehináku,Vulnerable,Brazil,BRA
148,Moghol,Critically endangered,Afghanistan,AFG
2198,Ningalami,Severely endangered,Afghanistan,AFG
2171,Northern Alta,Severely endangered,Philippines,PHL
2694,Numbani,Vulnerable,Papua New Guinea,PNG
2250,Nung Ven,Vulnerable,Viet Nam,VNM
102,Ongamo,Critically endangered,Kenya,KEN
738,Orejón,Severely endangered,Peru,PER
157,Pacific Gulf Yupik,Severely endangered,United States of America,USA
1860,Pipil,Critically endangered,El Salvador,SLV
2035,Saisiyat,Severely endangered,China,CHN
768,Sauk-Fox,Critically endangered,United States of America,USA
2702,Sepa,Vulnerable,Papua New Guinea,PNG
2651,Shark Bay,Vulnerable,Vanuatu,VUT
1264,Southern Chocho,Severely endangered,Mexico,MEX
2195,Theen,Severely endangered,Lao People's Democratic Republic,LAO
1344,Töitschu,Severely endangered,Italy,ITA
1406,|Xaise,Critically endangered,Botswana,BWA
1546,Beaver,Definitely endangered,Canada,CAN
2357,Nootka,Severely endangered,Canada,CAN
724,Tipai (Mexico),Severely endangered,Mexico,MEX
1627,Uru-eu-au-au,Vulnerable,Brazil,BRA
1262,Eastern Chocho,Severely endangered,Mexico,MEX
2273,Bahonsuai,Definitely endangered,Indonesia,IDN
2520,Bedoanas,Vulnerable,Indonesia,IDN
1774,Jarawára,Vulnerable,Brazil,BRA
2541,Keder,Severely endangered,Indonesia,IDN
2385,Straits Salish,Severely endangered,Canada,CAN
2385,Straits Salish,Severely endangered,United States of America,USA
1705,Zo'é,Vulnerable,Brazil,BRA
2363,Central Ojibwe,Definitely endangered,Canada,CAN
190,Kuurinji,Definitely endangered,Australia,AUS
2691,Mwatebu,Definitely endangered,Papua New Guinea,PNG
2637,Zazao,Critically endangered,Solomon Islands,SLB
948,"Zapotec of the Southern mountains, northwest lowlands",Definitely endangered,Mexico,MEX
2494,Pije,Severely endangered,New Caledonia (France),NCL
574,Aweti,Vulnerable,Brazil,BRA
2512,Koro,Definitely endangered,Vanuatu,VUT
211,Meriam Mir,Definitely endangered,Australia,AUS
2695,Onjab,Vulnerable,Papua New Guinea,PNG
2390,Tsimshian,Critically endangered,Canada,CAN
1481,Chihuahua Lower Pima,Definitely endangered,Mexico,MEX
1482,Sonora Lower Pima,Severely endangered,Mexico,MEX
155,Kaska,Severely endangered,Canada,CAN
2023,Aikana,Definitely endangered,Brazil,BRA
1452,Aleut (Eastern),Critically endangered,United States of America,USA
145,Aleut (Western),Severely endangered,United States of America,USA
2638,Amblong,Definitely endangered,Vanuatu,VUT
1887,Arguni,Vulnerable,Indonesia,IDN
1547,Assiniboine (United States of America),Critically endangered,United States of America,USA
2639,Baki,Vulnerable,Vanuatu,VUT
1877,Cacua,Severely endangered,Colombia,COL
2213,Camarines Norte Agta,Severely endangered,Philippines,PHL
1796,Cubeo (Brazil),Definitely endangered,Brazil,BRA
1458,Gwich'in (United States of America),Severely endangered,United States of America,USA
2504,Hiw,Definitely endangered,Vanuatu,VUT
1669,Katxuyana-Xikuyána,Vulnerable,Brazil,BRA
480,Ket,Severely endangered,Russian Federation,RUS
154,Koyukon,Critically endangered,United States of America,USA
2646,Malmariv,Vulnerable,Vanuatu,VUT
2199,Mt. Iraya Agta,Definitely endangered,Philippines,PHL
737,Ocaina (Peru),Critically endangered,Peru,PER
2696,Papapana,Definitely endangered,Papua New Guinea,PNG
842,Quechan,Definitely endangered,United States of America,USA
2164,Southern Ayta,Critically endangered,Philippines,PHL
504,Tundra Yukagir,Critically endangered,Russian Federation,RUS
1625,Tupari,Definitely endangered,Brazil,BRA
2577,Wari,Definitely endangered,Indonesia,IDN
1034,Yavapai,Severely endangered,United States of America,USA
544,Mlabri,Definitely endangered,Lao People's Democratic Republic,LAO
544,Mlabri,Definitely endangered,Thailand,THA
490,Negidal,Critically endangered,Russian Federation,RUS
2705,Suarmin,Definitely endangered,Papua New Guinea,PNG
1081,Kickapoo (Mexico),Critically endangered,Mexico,MEX
2710,Wab,Vulnerable,Papua New Guinea,PNG
1358,Motocintlec,Critically endangered,Mexico,MEX
2667,Dengalu,Definitely endangered,Papua New Guinea,PNG
1413,Dimbong,Critically endangered,Cameroon,CMR
197,Kunbarlang,Severely endangered,Australia,AUS
1954,Machineri (Bolivia),Severely endangered,Bolivia (Plurinational State of),BOL
2571,Taworta,Vulnerable,Indonesia,IDN
1401,ǂHoa,Critically endangered,Botswana,BWA
1555,Handuri,Critically endangered,India,IND
1859,Suruahá,Vulnerable,Brazil,BRA
142,Kutenai,Severely endangered,Canada,CAN
142,Kutenai,Severely endangered,United States of America,USA
2693,Nauna,Vulnerable,Papua New Guinea,PNG
2367,Okanagan,Definitely endangered,Canada,CAN
2367,Okanagan,Definitely endangered,United States of America,USA
2697,Piu,Definitely endangered,Papua New Guinea,PNG
2054,Ocaina (Colombia),Severely endangered,Colombia,COL
666,Yuki,Severely endangered,Bolivia (Plurinational State of),BOL
1762,Asurini do Xingu,Vulnerable,Brazil,BRA
1457,Nahukwa,Definitely endangered,Brazil,BRA
2329,Aputai,Critically endangered,Indonesia,IDN
2664,Budibud,Vulnerable,Papua New Guinea,PNG
746,Capanahua,Severely endangered,Peru,PER
1770,Dâw,Vulnerable,Brazil,BRA
1433,Ili Turk,Severely endangered,China,CHN
536,Lamu,Critically endangered,China,CHN
2559,Obokuitai,Vulnerable,Indonesia,IDN
2649,Polonomombauk,Definitely endangered,Vanuatu,VUT
2228,Samre,Critically endangered,Cambodia,KHM
2654,Tutuba,Definitely endangered,Vanuatu,VUT
2360,Northern Tutchone,Definitely endangered,Canada,CAN
2529,Dubu,Vulnerable,Indonesia,IDN
260,Haisla,Critically endangered,Canada,CAN
257,Heiltsuk,Critically endangered,Canada,CAN
79,Kwegu,Critically endangered,Ethiopia,ETH
164,Adnyamathanha,Definitely endangered,Australia,AUS
2098,Ainbai,Severely endangered,Papua New Guinea,PNG
514,Arem,Severely endangered,Lao People's Democratic Republic,LAO
514,Arem,Severely endangered,Viet Nam,VNM
1766,Banawá Yafi,Vulnerable,Brazil,BRA
1997,Bara (Colombia),Critically endangered,Colombia,COL
2096,Bikaru,Severely endangered,Papua New Guinea,PNG
1638,Boor,Critically endangered,Chad,TCD
2523,Burate,Severely endangered,Indonesia,IDN
577,Callahuaya,Critically endangered,Bolivia (Plurinational State of),BOL
862,Comanche,Severely endangered,United States of America,USA
2526,Dabra,Vulnerable,Indonesia,IDN
175,Djinang,Definitely endangered,Australia,AUS
1387,Dulbu,Critically endangered,Nigeria,NGA
512,Ghomara,Critically endangered,Morocco,MAR
476,Itelmen,Critically endangered,Russian Federation,RUS
608,Jebero,Critically endangered,Peru,PER
1385,Jilbe,Critically endangered,Nigeria,NGA
2109,Kalamo,Severely endangered,Papua New Guinea,PNG
2265,Kanowit,Severely endangered,Malaysia,MYS
2539,Karas,Severely endangered,Indonesia,IDN
28,Kiong,Critically endangered,Nigeria,NGA
2543,Kofei,Severely endangered,Indonesia,IDN
2683,Likum,Definitely endangered,Papua New Guinea,PNG
843,Maricopa,Severely endangered,United States of America,USA
1030,Mohave (Arizona),Severely endangered,United States of America,USA
841,Mohave (California),Severely endangered,United States of America,USA
1735,Molo,Critically endangered,Sudan,SDN
2422,Mulao,Severely endangered,China,CHN
1391,Mvanip,Critically endangered,Nigeria,NGA
2692,Nafi,Severely endangered,Papua New Guinea,PNG
2191,Nemadi,Critically endangered,Mauritania,MRT
1978,Ninam (Venezuela),Vulnerable,Venezuela (Bolivarian Republic of),VEN
638,Omagua (Peru),Critically endangered,Peru,PER
492,Oroch,Critically endangered,Russian Federation,RUS
2135,Oroha,Severely endangered,Solomon Islands,SLB
2562,Pauwi,Vulnerable,Indonesia,IDN
2122,Piame,Severely endangered,Papua New Guinea,PNG
2123,Pyu,Severely endangered,Indonesia,IDN
1176,Ruga,Critically endangered,India,IND
823,Sahaptin,Severely endangered,United States of America,USA
555,Samatao,Critically endangered,China,CHN
274,Seneca (United States of America),Severely endangered,United States of America,USA
2565,Senggi,Vulnerable,Indonesia,IDN
770,Shawnee,Severely endangered,United States of America,USA
1988,Shiwiar,Severely endangered,Ecuador,ECU
1199,Shompen,Critically endangered,India,IND
106,Soo,Critically endangered,Uganda,UGA
1223,Tai Nora,Critically endangered,India,IND
1224,Tai Rong,Critically endangered,India,IND
1220,Tangam,Critically endangered,India,IND
1847,Tariana (Brazil),Critically endangered,Brazil,BRA
2483,Tirahi,Critically endangered,Afghanistan,AFG
864,"Ute (Colorado, Southern Ute)",Severely endangered,United States of America,USA
2131,Vehes,Severely endangered,Papua New Guinea,PNG
245,Wik Ngathan,Definitely endangered,Australia,AUS
1874,Xokleng,Critically endangered,Brazil,BRA
20,Yangkam,Critically endangered,Nigeria,NGA
2104,Yarawata,Severely endangered,Papua New Guinea,PNG
1480,O'odham (Mexico),Definitely endangered,Mexico,MEX
2124,Samosa,Severely endangered,Papua New Guinea,PNG
2116,Mindiri,Severely endangered,Papua New Guinea,PNG
2130,Usu,Severely endangered,Papua New Guinea,PNG
1939,Iteri,Severely endangered,Papua New Guinea,PNG
225,Ngarinyin,Definitely endangered,Australia,AUS
2650,Repanbitip,Definitely endangered,Vanuatu,VUT
2573,Tofanma,Vulnerable,Indonesia,IDN
2127,Taiap,Severely endangered,Papua New Guinea,PNG
1259,Kusunda,Critically endangered,Nepal,NPL
1916,Patamona (Brazil),Vulnerable,Brazil,BRA
1442,Xiri,Critically endangered,South Africa,ZAF
2558,Narau,Severely endangered,Indonesia,IDN
2105,Ak,Severely endangered,Papua New Guinea,PNG
1928,Araona,Severely endangered,Bolivia (Plurinational State of),BOL
2099,Ari,Severely endangered,Papua New Guinea,PNG
1969,Assiniboine (Canada),Critically endangered,Canada,CAN
2100,Dorro,Severely endangered,Papua New Guinea,PNG
1005,Gong,Severely endangered,Thailand,THA
2537,Itik,Vulnerable,Indonesia,IDN
2686,Mari,Severely endangered,Papua New Guinea,PNG
2158,Pwapwa,Severely endangered,New Caledonia (France),NCL
2704,Somm,Definitely endangered,Papua New Guinea,PNG
2572,Tobati,Severely endangered,Indonesia,IDN
1924,Moré,Critically endangered,Bolivia (Plurinational State of),BOL
2145,Mores,Severely endangered,Vanuatu,VUT
2119,Musan,Severely endangered,Papua New Guinea,PNG
2121,Papi,Severely endangered,Papua New Guinea,PNG
2374,Sarcee,Critically endangered,Canada,CAN
2377,Sekani,Critically endangered,Canada,CAN
2101,Arawun,Severely endangered,Papua New Guinea,PNG
1934,Siriano (Brazil),Vulnerable,Brazil,BRA
1368,Teko,Severely endangered,Mexico,MEX
1886,Anus,Severely endangered,Indonesia,IDN
2518,Awera,Vulnerable,Indonesia,IDN
1873,Boruca,Critically endangered,Costa Rica,CRI
2528,Doutai,Severely endangered,Indonesia,IDN
156,East Cape Yupik,Critically endangered,Russian Federation,RUS
2535,Iresim,Severely endangered,Indonesia,IDN
2645,Mafea,Definitely endangered,Vanuatu,VUT
1474,Vilamovian,Severely endangered,Poland,POL
1263,Western Chocho,Severely endangered,Mexico,MEX
2084,Yankunytjatjara,Definitely endangered,Australia,AUS
250,Yanyuwa,Severely endangered,Australia,AUS
2132,Yapunda,Severely endangered,Papua New Guinea,PNG
2663,Bothar,Severely endangered,Papua New Guinea,PNG
1710,Kari'ña (Brazil),Definitely endangered,Brazil,BRA
232,Ritharrngu,Definitely endangered,Australia,AUS
1571,Northern Straits Salish,Critically endangered,United States of America,USA
2126,Sumariup,Severely endangered,Papua New Guinea,PNG
1371,Ixil (Mexico),Critically endangered,Mexico,MEX
493,Orok,Critically endangered,Russian Federation,RUS
612,Carapana (Brazil),Severely endangered,Brazil,BRA
2085,Yan-nhangu,Definitely endangered,Australia,AUS
2659,Atemble,Definitely endangered,Papua New Guinea,PNG
2660,Bagupi,Definitely endangered,Papua New Guinea,PNG
2003,Carapana (Colombia),Definitely endangered,Colombia,COL
185,Gooniyandi,Severely endangered,Australia,AUS
188,Gurrgoni,Vulnerable,Australia,AUS
196,Kija,Severely endangered,Australia,AUS
959,Montana Salish,Critically endangered,United States of America,USA
222,Ngangikurunggurr,Severely endangered,Australia,AUS
912,Olultecan,Severely endangered,Mexico,MEX
1792,Senaya,Critically endangered,Iran (Islamic Republic of),IRN
2387,Tahltan,Critically endangered,Canada,CAN
1696,Tembé,Severely endangered,Brazil,BRA
2118,Mosimo,Severely endangered,Papua New Guinea,PNG
656,Tapayuna,Severely endangered,Brazil,BRA
2107,Bepour,Severely endangered,Papua New Guinea,PNG
2102,Faita,Severely endangered,Papua New Guinea,PNG
1885,Teribe (Costa Rica),Critically endangered,Costa Rica,CRI
726,Kiliwa,Critically endangered,Mexico,MEX
2117,Moere,Severely endangered,Papua New Guinea,PNG
1919,Baure,Critically endangered,Bolivia (Plurinational State of),BOL
261,Southern Haida,Critically endangered,Canada,CAN
2389,Tlingit (Canada),Critically endangered,Canada,CAN
162,Upper Tanana (United States of America),Critically endangered,United States of America,USA
944,Zapotec of Asunción Tlacolulita,Critically endangered,Mexico,MEX
660,Trumai,Critically endangered,Brazil,BRA
570,Arabela,Severely endangered,Peru,PER
2159,Arha,Critically endangered,New Caledonia (France),NCL
230,Banjima,Severely endangered,Australia,AUS
1525,Bella Coola,Critically endangered,Canada,CAN
2278,Budong-Budong,Critically endangered,Indonesia,IDN
2666,Bulgebi,Definitely endangered,Papua New Guinea,PNG
2025,Chiquitano (Brazil),Critically endangered,Brazil,BRA
474,Forest Yukagir,Critically endangered,Russian Federation,RUS
2103,Gorovu,Severely endangered,Papua New Guinea,PNG
1753,Iduh (Lao PDR),Critically endangered,Lao People's Democratic Republic,LAO
379,Karaim (Lithuania),Severely endangered,Lithuania,LTU
1001,Kasong,Critically endangered,Cambodia,KHM
1001,Kasong,Critically endangered,Thailand,THA
2540,Kayupulau,Critically endangered,Indonesia,IDN
2311,Lolak,Critically endangered,Indonesia,IDN
2583,Maku'a,Critically endangered,Timor-Leste,TLS
625,Makurap,Severely endangered,Brazil,BRA
212,Miriwoong,Critically endangered,Australia,AUS
2557,Moraori,Severely endangered,Indonesia,IDN
216,Nakkara,Severely endangered,Australia,AUS
224,Ngarinman,Severely endangered,Australia,AUS
2622,Norfolk-Pitcairn (Pitcairn),Vulnerable,Pitcairn  (U.K.),PCN
886,Omaha-Ponca,Critically endangered,United States of America,USA
98,Omotik,Critically endangered,Kenya,KEN
2455,Onge,Critically endangered,India,IND
2409,Patua,Critically endangered,China,CHN
2607,Paulohi,Critically endangered,Indonesia,IDN
1529,Potawatomi (Kansas),Critically endangered,United States of America,USA
272,Potawatomi (Michigan),Critically endangered,United States of America,USA
1531,Potawatomi (Oklahoma),Critically endangered,United States of America,USA
1530,Potawatomi (Wisconsin),Critically endangered,United States of America,USA
2609,Salas,Severely endangered,Indonesia,IDN
1000,Samray,Critically endangered,Cambodia,KHM
1000,Samray,Critically endangered,Thailand,THA
312,Sapé,Critically endangered,Venezuela (Bolivarian Republic of),VEN
1363,Sentilese,Critically endangered,India,IND
2268,Sian,Severely endangered,Malaysia,MYS
2652,Tambotalo,Severely endangered,Vanuatu,VUT
159,Tanacross,Critically endangered,United States of America,USA
160,Tanaina,Severely endangered,United States of America,USA
2137,Tanimbili,Severely endangered,Solomon Islands,SLB
243,Warumungu,Severely endangered,Australia,AUS
943,Zapotec of San Felipe Tejalapan,Critically endangered,Mexico,MEX
2128,Tench,Critically endangered,Papua New Guinea,PNG
213,Mudburra,Severely endangered,Australia,AUS
226,Nunggubuyu,Severely endangered,Australia,AUS
2095,Dumun,Critically endangered,Papua New Guinea,PNG
22,Kudu-Camo,Critically endangered,Nigeria,NGA
2136,Asumboa,Severely endangered,Solomon Islands,SLB
172,Bunuba,Severely endangered,Australia,AUS
2024,Chamacoco,Critically endangered,Brazil,BRA
2024,Chamacoco,Critically endangered,Paraguay,PRY
182,Garrwa,Severely endangered,Australia,AUS
2076,Gumbaynggirr,Critically endangered,Australia,AUS
2553,Maremgi,Definitely endangered,Indonesia,IDN
858,Mono (Western),Critically endangered,United States of America,USA
2382,Southern Tutchone,Critically endangered,Canada,CAN
845,Tipai (United States of America),Severely endangered,United States of America,USA
501,Tofa,Critically endangered,Russian Federation,RUS
505,Udege,Critically endangered,Russian Federation,RUS
2579,Yoki,Severely endangered,Indonesia,IDN
1652,Noy,Critically endangered,Chad,TCD
467,Chulym Turk,Critically endangered,Russian Federation,RUS
2538,Kapori,Critically endangered,Indonesia,IDN
1367,Kaqchikel (Mexico),Critically endangered,Mexico,MEX
766,Menominee,Critically endangered,United States of America,USA
1945,Quechua of Pacaraos,Critically endangered,Peru,PER
2129,Turaka,Critically endangered,Papua New Guinea,PNG
576,Barasana (Brazil),Severely endangered,Brazil,BRA
2097,Bilakura,Critically endangered,Papua New Guinea,PNG
1808,Macuna (Brazil),Vulnerable,Brazil,BRA
1364,Jarawa,Critically endangered,India,IND
2111,Kowaki,Critically endangered,Papua New Guinea,PNG
548,Kri,Severely endangered,Lao People's Democratic Republic,LAO
2115,Mawak,Critically endangered,Papua New Guinea,PNG
2212,Alabat Island Agta,Critically endangered,Philippines,PHL
2328,Amahai,Critically endangered,Indonesia,IDN
169,Bardi,Severely endangered,Australia,AUS
867,Cahuilla,Critically endangered,United States of America,USA
36,Cambap,Critically endangered,Cameroon,CMR
289,Carijona,Critically endangered,Colombia,COL
2442,Chintaw,Critically endangered,China,CHN
693,Comox/Sliammon,Critically endangered,Canada,CAN
1616,Djeoromitxi,Severely endangered,Brazil,BRA
2530,Duriankere,Critically endangered,Indonesia,IDN
1635,Goundo,Critically endangered,Chad,TCD
2110,Kawucha,Critically endangered,Papua New Guinea,PNG
2547,Kwerisa,Critically endangered,Indonesia,IDN
1464,Mono (Eastern),Critically endangered,United States of America,USA
220,Ngalkbun,Severely endangered,Australia,AUS
2267,Punan Batu,Critically endangered,Malaysia,MYS
1892,Rama,Critically endangered,Nicaragua,NIC
1260,Sia Pedee,Critically endangered,Ecuador,ECU
2156,Ske,Severely endangered,Vanuatu,VUT
821,Valley Yokuts,Severely endangered,United States of America,USA
240,Warnman,Severely endangered,Australia,AUS
246,Wik Ngencherr,Severely endangered,Australia,AUS
247,Wiradjuri,Critically endangered,Australia,AUS
698,Malinaltepec Tlapanec,Vulnerable,Mexico,MEX
144,Ahtna,Critically endangered,United States of America,USA
2140,Bieria,Critically endangered,Vanuatu,VUT
894,Caddo,Critically endangered,United States of America,USA
803,Columbian,Critically endangered,United States of America,USA
727,Iquito,Critically endangered,Peru,PER
619,Kwazá,Critically endangered,Brazil,BRA
208,Marrithiyel,Critically endangered,Australia,AUS
2554,Massep,Critically endangered,Indonesia,IDN
2556,Mor,Severely endangered,Indonesia,IDN
2006,Pisamira,Critically endangered,Colombia,COL
629,Sakurabiat,Severely endangered,Brazil,BRA
1107,Surel,Critically endangered,Nepal,NPL
776,Upper Kuskokwim,Critically endangered,United States of America,USA
45,Zumaya,Critically endangered,Cameroon,CMR
837,Kashaya,Critically endangered,United States of America,USA
2037,Kavalan,Critically endangered,China,CHN
241,Wardaman,Severely endangered,Australia,AUS
848,Washo,Severely endangered,United States of America,USA
200,Kuku Yalanji,Severely endangered,Australia,AUS
445,Sām,Severely endangered,Nepal,NPL
990,Southwestern Tlapanec,Vulnerable,Mexico,MEX
165,Alawa,Critically endangered,Australia,AUS
2263,Tobian,Critically endangered,Palau,PLW
1769,Bara (Brazil),Vulnerable,Brazil,BRA
1265,Ixcatec,Critically endangered,Mexico,MEX
685,Añu,Critically endangered,Venezuela (Bolivarian Republic of),VEN
2176,Barzani Jewish Neo-Aramaic (Israel),Critically endangered,Israel,ISR
1315,Bom,Severely endangered,Sierra Leone,SLE
171,Bundjalung,Severely endangered,Australia,AUS
1991,Chung (Cambodia),Critically endangered,Cambodia,KHM
2531,Dusner,Critically endangered,Indonesia,IDN
472,Forest Enets,Critically endangered,Russian Federation,RUS
2534,Foya,Critically endangered,Indonesia,IDN
2108,Hermit,Critically endangered,Papua New Guinea,PNG
192,Jawoyn,Severely endangered,Australia,AUS
1940,Kamasa,Critically endangered,Papua New Guinea,PNG
2040,Kanakanabu,Critically endangered,China,CHN
2542,Kembra,Critically endangered,Indonesia,IDN
452,Kilen,Critically endangered,China,CHN
452,Kilen,Critically endangered,Russian Federation,RUS
1316,Kim,Critically endangered,Sierra Leone,SLE
183,Koko Bera,Severely endangered,Australia,AUS
1806,Kulina Páno,Severely endangered,Brazil,BRA
621,Leco,Critically endangered,Bolivia (Plurinational State of),BOL
2599,Loun,Critically endangered,Indonesia,IDN
2550,Mander,Critically endangered,Indonesia,IDN
205,Mangarla,Critically endangered,Australia,AUS
207,Maringarr,Critically endangered,Australia,AUS
2036,Nataoran,Critically endangered,China,CHN
824,Nez Perce,Critically endangered,United States of America,USA
2648,Nisvai,Critically endangered,Vanuatu,VUT
227,Nyamal,Severely endangered,Australia,AUS
229,Nyikina,Severely endangered,Australia,AUS
860,Panamint,Critically endangered,United States of America,USA
400,Pite Saami,Critically endangered,Norway,NOR
400,Pite Saami,Critically endangered,Sweden,SWE
650,Qawasqar,Critically endangered,Chile,CHL
2230,Red Gelao (Viet Nam),Critically endangered,Viet Nam,VNM
23,Somyev,Critically endangered,Cameroon,CMR
23,Somyev,Critically endangered,Nigeria,NGA
419,Ume Saami,Critically endangered,Sweden,SWE
2575,Usku,Critically endangered,Indonesia,IDN
423,Vote,Critically endangered,Russian Federation,RUS
244,Wajarri,Severely endangered,Australia,AUS
238,Wambaya,Critically endangered,Australia,AUS
1857,Warekena (Brazil),Critically endangered,Brazil,BRA
2231,White Gelao (Viet Nam),Severely endangered,Viet Nam,VNM
970,Mixtec of Tlaltempan,Definitely endangered,Mexico,MEX
317,Uruak,Critically endangered,Venezuela (Bolivarian Republic of),VEN
1953,Pacahuara,Critically endangered,Bolivia (Plurinational State of),BOL
2133,Ririo,Critically endangered,Solomon Islands,SLB
1957,Ava-Canoeiro,Critically endangered,Brazil,BRA
1876,Chorotega,Critically endangered,Costa Rica,CRI
475,Ainu (Hokkaido),Critically endangered,Japan,JPN
174,Jaminjung,Severely endangered,Australia,AUS
2510,Mwesen,Critically endangered,Vanuatu,VUT
2376,Sechelt,Critically endangered,Canada,CAN
161,Tanana,Critically endangered,United States of America,USA
153,Ingalik,Critically endangered,United States of America,USA
176,Jingulu,Severely endangered,Australia,AUS
942,Zapotec of Mixtepe,Critically endangered,Mexico,MEX
2578,Woria,Critically endangered,Indonesia,IDN
572,Aruá,Severely endangered,Brazil,BRA
1459,Han (United States of America),Critically endangered,United States of America,USA
780,Hupa,Critically endangered,United States of America,USA
826,Karuk,Severely endangered,United States of America,USA
790,Makah,Critically endangered,United States of America,USA
2079,Ngaatjatjara,Severely endangered,Australia,AUS
219,Ngaliwuru,Critically endangered,Australia,AUS
637,Ofayé,Critically endangered,Brazil,BRA
234,Umpila,Severely endangered,Australia,AUS
775,Yurok,Critically endangered,United States of America,USA
1794,Kinikinau,Critically endangered,Brazil,BRA
236,Wagiman,Severely endangered,Australia,AUS
829,Achumawi,Critically endangered,United States of America,USA
2160,Arho,Critically endangered,New Caledonia (France),NCL
891,Arikara,Critically endangered,United States of America,USA
515,Ayizi,Critically endangered,China,CHN
2143,Bangsa,Critically endangered,Vanuatu,VUT
1864,Ch'orti' (Honduras),Critically endangered,Honduras,HND
1002,Chung (Thailand),Critically endangered,Thailand,THA
763,Copper Island Aleut,Critically endangered,Russian Federation,RUS
764,Gros Ventre,Critically endangered,United States of America,USA
115,Gweno,Critically endangered,United Republic of Tanzania,TZA
2591,Hoti,Critically endangered,Indonesia,IDN
2593,Hulung,Critically endangered,Indonesia,IDN
2594,Ibu,Critically endangered,Indonesia,IDN
1867,Iranxe,Critically endangered,Brazil,BRA
2595,Kamarian,Critically endangered,Indonesia,IDN
194,Karajarri,Critically endangered,Australia,AUS
613,Karipuna,Definitely endangered,Brazil,BRA
615,Katawixi,Critically endangered,Brazil,BRA
863,Kawaiisu,Critically endangered,United States of America,USA
1450,Khövsgöl Uryangkhay,Critically endangered,Mongolia,MNG
1880,Krenak,Critically endangered,Brazil,BRA
199,Kurrama,Critically endangered,Australia,AUS
202,Lardil,Critically endangered,Australia,AUS
2270,Lom,Critically endangered,Indonesia,IDN
2644,Lorediakarkar,Critically endangered,Vanuatu,VUT
203,Madngele,Critically endangered,Australia,AUS
214,Malak Malak,Critically endangered,Australia,AUS
454,Manchu (Amur),Critically endangered,China,CHN
453,Manchu (Nonni),Critically endangered,China,CHN
884,Mandan,Critically endangered,United States of America,USA
206,Marrisyefin,Critically endangered,Australia,AUS
1655,Massalat,Critically endangered,Chad,TCD
2144,Matanvat,Critically endangered,Vanuatu,VUT
627,Matipu,Critically endangered,Brazil,BRA
1674,Mawayana (Brazil),Critically endangered,Brazil,BRA
1674,Mawayana (Brazil),Critically endangered,Suriname,SUR
1326,Munsee (Canada),Critically endangered,Canada,CAN
2148,Naati,Critically endangered,Vanuatu,VUT
223,Ngardi,Critically endangered,Australia,AUS
110,Ngbinda,Critically endangered,Democratic Republic of the Congo,COD
1465,Northern Paiute (Idaho),Critically endangered,United States of America,USA
2604,Nusa Laut,Critically endangered,Indonesia,IDN
269,Oneida (Wisconsin),Critically endangered,United States of America,USA
270,Onondaga (New York),Critically endangered,United States of America,USA
887,Osage,Critically endangered,United States of America,USA
1840,Parintintin,Critically endangered,Brazil,BRA
892,Pawnee,Critically endangered,United States of America,USA
2698,Puari,Critically endangered,Papua New Guinea,PNG
231,Rembarrnga,Critically endangered,Australia,AUS
2125,Sene,Critically endangered,Papua New Guinea,PNG
2155,Sowa,Critically endangered,Vanuatu,VUT
2706,Susuami,Critically endangered,Papua New Guinea,PNG
2707,Taap,Critically endangered,Papua New Guinea,PNG
2153,Tape,Critically endangered,Vanuatu,VUT
416,Ter Saami,Critically endangered,Russian Federation,RUS
2041,Thao,Critically endangered,China,CHN
819,Tule-Kaweah Yokuts,Critically endangered,United States of America,USA
502,Tundra Enets,Critically endangered,Russian Federation,RUS
893,Wichita,Critically endangered,United States of America,USA
1942,Xambioá,Critically endangered,Brazil,BRA
1509,Yawalapiti,Critically endangered,Brazil,BRA
251,Yiiji,Critically endangered,Australia,AUS
995,Arára Shawãdáwa,Critically endangered,Brazil,BRA
201,Kuuku Ya'u,Critically endangered,Australia,AUS
221,Ngandi,Critically endangered,Australia,AUS
217,Ngarluma,Critically endangered,Australia,AUS
668,Zaparo,Critically endangered,Ecuador,ECU
668,Zaparo,Critically endangered,Peru,PER
78,Ongota,Critically endangered,Ethiopia,ETH
575,Ajuru,Severely endangered,Brazil,BRA
2515,Araki,Critically endangered,Vanuatu,VUT
913,Ayapanec,Critically endangered,Mexico,MEX
1400,Busuu,Critically endangered,Cameroon,CMR
583,Chamicuro,Critically endangered,Peru,PER
437,Dumi,Critically endangered,Nepal,NPL
195,Kayardild,Critically endangered,Australia,AUS
636,Munichi,Critically endangered,Peru,PER
132,N|uu,Critically endangered,South Africa,ZAF
664,Xetá,Critically endangered,Brazil,BRA
805,Kiksht,Critically endangered,United States of America,USA
2114,Makolkol,Critically endangered,Papua New Guinea,PNG
567,Akuntsu,Critically endangered,Brazil,BRA
1663,Anambé,Critically endangered,Brazil,BRA
2071,Arabana,Critically endangered,Australia,AUS
844,Ipai,Critically endangered,United States of America,USA
369,Karaim (Western Ukraine),Critically endangered,Ukraine,UKR
820,Kings River Yokuts,Critically endangered,United States of America,USA
133,Korana,Critically endangered,South Africa,ZAF
204,Mangarrayi,Critically endangered,Australia,AUS
815,Northern Sierra Miwok,Critically endangered,United States of America,USA
2655,Abaga,Critically endangered,Papua New Guinea,PNG
163,"Aleut (Western, Commander Islands)",Critically endangered,Russian Federation,RUS
2417,Aqaw Gelao,Critically endangered,China,CHN
2142,Aveteian,Critically endangered,Vanuatu,VUT
719,Central Selkup,Critically endangered,Russian Federation,RUS
1789,Cocama-Cocamilla (Brazil),Critically endangered,Brazil,BRA
178,Dyirbal,Critically endangered,Australia,AUS
2077,Gamilaraay,Critically endangered,Australia,AUS
2722,Great andamanese,Critically endangered,India,IND
600,Guató,Critically endangered,Brazil,BRA
152,Holikachuk,Critically endangered,United States of America,USA
527,Iduh (Viet Nam),Critically endangered,Viet Nam,VNM
2200,Isarog Agta,Critically endangered,Philippines,PHL
606,Itonama,Critically endangered,Bolivia (Plurinational State of),BOL
609,Juma,Critically endangered,Brazil,BRA
960,Kalispel,Critically endangered,United States of America,USA
611,Kanoê,Critically endangered,Brazil,BRA
2549,Liki,Critically endangered,Indonesia,IDN
869,Luiseño,Critically endangered,United States of America,USA
793,Lushootseed,Critically endangered,United States of America,USA
455,Manchurian Kirghiz,Critically endangered,China,CHN
2551,Mansim,Critically endangered,Indonesia,IDN
2146,Naman,Critically endangered,Vanuatu,VUT
2147,Nasarian,Critically endangered,Vanuatu,VUT
2149,Navwien,Critically endangered,Vanuatu,VUT
40,Ndai,Critically endangered,Cameroon,CMR
218,Ngalakan,Critically endangered,Australia,AUS
2150,Nivat,Critically endangered,Vanuatu,VUT
2151,Niviar,Critically endangered,Vanuatu,VUT
2513,Olrat,Critically endangered,Vanuatu,VUT
640,Oro Win,Critically endangered,Brazil,BRA
1958,Paunaca,Critically endangered,Bolivia (Plurinational State of),BOL
651,Resígaro,Critically endangered,Peru,PER
2152,Sorsorian,Critically endangered,Vanuatu,VUT
679,Southern Selkup,Critically endangered,Russian Federation,RUS
1359,Tuzantec,Critically endangered,Mexico,MEX
2154,Umbrul,Critically endangered,Vanuatu,VUT
2138,Vano,Critically endangered,Solomon Islands,SLB
249,Wunambal,Critically endangered,Australia,AUS
902,Yuchi,Critically endangered,United States of America,USA
2521,Bonerif,Critically endangered,Indonesia,IDN
802,Coeur d'Alene,Critically endangered,United States of America,USA
2074,Dharawal,Critically endangered,Australia,AUS
2106,Guranalum,Critically endangered,Papua New Guinea,PNG
2266,Lengilu,Critically endangered,Indonesia,IDN
38,Njerep,Critically endangered,Cameroon,CMR
2120,Ouma,Critically endangered,Papua New Guinea,PNG
2072,Paakantyi,Critically endangered,Australia,AUS
2563,Saponi,Critically endangered,Indonesia,IDN
2139,Tanema,Critically endangered,Solomon Islands,SLB
658,Tehuelche,Critically endangered,Argentina,ARG
1462,Totoró,Critically endangered,Colombia,COL
235,Waanyi,Critically endangered,Australia,AUS
248,Worrorra,Critically endangered,Australia,AUS
1370,Awakatek (Mexico),Critically endangered,Mexico,MEX
44,Baldemu,Critically endangered,Cameroon,CMR
37,Bung,Critically endangered,Cameroon,CMR
580,Canichana,Extinct,Bolivia (Plurinational State of),BOL
835,Central Pomo,Critically endangered,United States of America,USA
816,Central Sierra Miwok,Critically endangered,United States of America,USA
1470,Chemehuevi,Critically endangered,United States of America,USA
789,Kiowa Apache,Critically endangered,United States of America,USA
812,Konkow,Critically endangered,United States of America,USA
814,Lake Miwok,Critically endangered,United States of America,USA
1643,Mabiri,Critically endangered,Chad,TCD
1463,Mescalero-Chiricahua Apache (Oklahoma),Critically endangered,United States of America,USA
834,Northern Pomo,Critically endangered,United States of America,USA
1623,Sabanê,Critically endangered,Brazil,BRA
836,Southern Pomo,Critically endangered,United States of America,USA
817,Southern Sierra Miwok,Critically endangered,United States of America,USA
865,Tubatulabal,Critically endangered,United States of America,USA
279,Tuscarora (United States of America),Critically endangered,United States of America,USA
2157,Ura,Critically endangered,Vanuatu,VUT
729,Andoa (Peru),Critically endangered,Peru,PER
571,Arikapu,Critically endangered,Brazil,BRA
1708,Aurê-Aurá,Critically endangered,Brazil,BRA
287,Baré (Brazil),Critically endangered,Brazil,BRA
582,Cayuvava,Critically endangered,Bolivia (Plurinational State of),BOL
179,Gajerrong,Critically endangered,Australia,AUS
181,Ganggalidda,Critically endangered,Australia,AUS
1615,Guarasu,Critically endangered,Brazil,BRA
792,Klallam,Critically endangered,United States of America,USA
1619,Kujubim,Critically endangered,Brazil,BRA
198,Kunjen,Critically endangered,Australia,AUS
1672,Kuruáya,Critically endangered,Brazil,BRA
2508,Lemerig,Critically endangered,Vanuatu,VUT
26,Luri,Critically endangered,Nigeria,NGA
811,Maidu,Critically endangered,United States of America,USA
1535,Oneida (New York),Critically endangered,United States of America,USA
2069,Poyanawa,Critically endangered,Brazil,BRA
649,Puruborá,Critically endangered,Brazil,BRA
652,Salamãy,Critically endangered,Brazil,BRA
1389,Sambe,Critically endangered,Nigeria,NGA
801,Spokane,Critically endangered,United States of America,USA
173,Tharkarri,Critically endangered,Australia,AUS
728,Vacacocha,Critically endangered,Peru,PER
239,Wangaaybuwan,Critically endangered,Australia,AUS
1704,Xipáya,Critically endangered,Brazil,BRA
1507,Apiaká,Critically endangered,Brazil,BRA
1398,Bikya,Critically endangered,Cameroon,CMR
1399,Bishuo,Critically endangered,Cameroon,CMR
2060,Chaná,Critically endangered,Argentina,ARG
2280,Dampel,Critically endangered,Indonesia,IDN
595,Diahói,Critically endangered,Brazil,BRA
1776,Kaixána,Critically endangered,Brazil,BRA
2112,Lae,Extinct,Papua New Guinea,PNG
2113,Laua,Critically endangered,Papua New Guinea,PNG
810,Patwin,Critically endangered,United States of America,USA
2047,Pazeh,Critically endangered,China,CHN
1966,Pémono,Critically endangered,Venezuela (Bolivarian Republic of),VEN
657,Taushiro,Critically endangered,Peru,PER
314,Tinigua,Critically endangered,Colombia,COL
779,Tolowa,Critically endangered,United States of America,USA
661,Uru,Extinct,Bolivia (Plurinational State of),BOL
2507,Volow,Critically endangered,Vanuatu,VUT
809,Wintu-Nomlaki,Critically endangered,United States of America,USA
665,Yahgan,Critically endangered,Chile,CHL
2711,Yarawi,Critically endangered,Papua New Guinea,PNG
1444,!Gan!ne,Extinct,South Africa,ZAF
116,Aasax,Extinct,United Republic of Tanzania,TZA
429,Ahom,Extinct,India,IND
486,Ainu (Kuril),Extinct,Russian Federation,RUS
494,Ainu (Sakhalin),Extinct,Russian Federation,RUS
329,Akkala Saami,Extinct,Russian Federation,RUS
1342,Alderney French,Extinct,United Kingdom of Great Britain and Northern Ireland,GBR
1658,Amanayé,Extinct,Brazil,BRA
756,Andoa (Ecuador),Extinct,Ecuador,ECU
513,Andro,Extinct,India,IND
838,Antoniano,Extinct,United States of America,USA
2141,Aore,Extinct,Vanuatu,VUT
569,Apolista,Extinct,Bolivia (Plurinational State of),BOL
1454,Arapaho (Oklahoma),Extinct,United States of America,USA
1629,Arapáso,Extinct,Brazil,BRA
2658,Aribwatsa,Extinct,Papua New Guinea,PNG
1611,Arin,Extinct,Russian Federation,RUS
465,Arman,Extinct,Russian Federation,RUS
2170,Arta,Extinct,Philippines,PHL
573,Atacameño,Extinct,Argentina,ARG
573,Atacameño,Extinct,Bolivia (Plurinational State of),BOL
573,Atacameño,Extinct,Chile,CHL
830,Atsugewi,Extinct,United States of America,USA
2042,Babuza,Extinct,China,CHN
170,Badala,Critically endangered,Australia,AUS
12,Baga Kalem,Extinct,Guinea,GIN
9,Baga Mboteni,Critically endangered,Guinea,GIN
855,Barbareño,Extinct,United States of America,USA
2205,Barzani Jewish Neo-Aramaic (Iraq),Extinct,Iraq,IRQ
2048,Basay,Extinct,China,CHN
1692,Baygo,Extinct,Sudan,SDN
1653,Berakou,Extinct,Chad,TCD
1695,Berti,Extinct,Sudan,SDN
2661,Bina,Extinct,Papua New Guinea,PNG
53,Birgid,Extinct,Sudan,SDN
17,Boro,Extinct,Ethiopia,ETH
17,Boro,Extinct,Togo,TGO
1894,Cacaopera,Extinct,Nicaragua,NIC
135,Cape Khoekhoe,Extinct,South Africa,ZAF
1338,Cappadocian Greek (Turkey),Extinct,Turkey,TUR
890,Catawba,Extinct,United States of America,USA
255,Cayuga (Oklahoma),Extinct,United States of America,USA
881,Cayuse,Extinct,United States of America,USA
808,Central Kalapuyan,Extinct,United States of America,USA
519,Chairel,Extinct,India,IND
587,Cholon,Extinct,Peru,PER
8,Coptic,Extinct,Egypt,EGY
798,Cowlitz,Extinct,United States of America,USA
594,Culle,Extinct,Peru,PER
1609,Cuman,Extinct,Hungary,HUN
868,Cupeño,Extinct,United States of America,USA
345,Dalmatian,Extinct,Croatia,HRV
129,Deti,Extinct,Botswana,BWA
2073,Dharug,Critically endangered,Australia,AUS
2075,Dhurga,Critically endangered,Australia,AUS
2201,Dicamay Agta,Extinct,Philippines,PHL
1904,Dorasque,Extinct,Panama,PAN
2629,Dororo,Extinct,Solomon Islands,SLB
41,Duli,Extinct,Cameroon,CMR
177,Dungidjau,Extinct,Australia,AUS
438,Dura,Extinct,Nepal,NPL
259,Eastern Abenaki,Extinct,United States of America,USA
470,Eastern Kamchadal,Extinct,Russian Federation,RUS
833,Eastern Pomo,Extinct,United States of America,USA
782,Eel River Athabaskan,Extinct,United States of America,USA
56,Eliri,Severely endangered,Sudan,SDN
92,Elmolo,Extinct,Kenya,KEN
1321,Eotile,Extinct,Côte d'Ivoire,CIV
150,Eyak,Extinct,United States of America,USA
180,Gaagudju,Extinct,Australia,AUS
89,Gafat,Extinct,Ethiopia,ETH
1893,Garífuna (Nicaragua),Critically endangered,Nicaragua,NIC
1687,Ge'ez,Extinct,Ethiopia,ETH
2671,Getmata,Extinct,Papua New Guinea,PNG
42,Gey,Extinct,Cameroon,CMR
358,Gothic,Extinct,Ukraine,UKR
4,Guanche,Extinct,Spain,ESP
68,Gule,Extinct,Sudan,SDN
2632,Guliguli,Extinct,Solomon Islands,SLB
601,Gününa Küne,Extinct,Argentina,ARG
1121,Gyasumdo,Definitely endangered,Nepal,NPL
807,Hanis,Extinct,United States of America,USA
2045,Hoanya,Extinct,China,CHN
59,Homa,Extinct,Sudan,SDN
1651,Horo,Extinct,Chad,TCD
2219,Hpun,Extinct,Myanmar,MMR
1817,Huitoto (Brazil),Extinct,Brazil,BRA
2592,Hukumina,Extinct,Indonesia,IDN
1537,Huron-Wyandot (United States of America),Extinct,United States of America,USA
2642,Ifo,Extinct,Vanuatu,VUT
854,Ineseño,Extinct,United States of America,USA
298,Island Carib,Extinct,Dominica,DMA
857,Island Chumash,Extinct,United States of America,USA
1925,Jorá,Critically endangered,Bolivia (Plurinational State of),BOL
696,Judeo-Berber (Morocco),Extinct,Morocco,MAR
477,Kamas,Extinct,Russian Federation,RUS
1353,Kamas Turk,Extinct,Russian Federation,RUS
2675,Kaniet,Extinct,Papua New Guinea,PNG
1548,Kansa,Extinct,United States of America,USA
341,Karaim (Crimea),Extinct,Ukraine,UKR
2677,Karami,Extinct,Papua New Guinea,PNG
1517,Karelian (Valday),Extinct,Russian Federation,RUS
2091,Katabaga,Extinct,Philippines,PHL
783,Kato,Extinct,United States of America,USA
2596,Kayeli,Extinct,Indonesia,IDN
2634,Kazukuru,Extinct,Solomon Islands,SLB
126,Kede,Extinct,Angola,ANG
371,Kemi Saami,Extinct,Finland,FIN
2286,Kenaboi,Extinct,Malaysia,MYS
479,Kerek,Extinct,Russian Federation,RUS
2050,Ketangalan,Extinct,China,CHN
1148,Khaccaḍ Bhoṭe,Definitely endangered,Nepal,NPL
1613,Kilit,Extinct,Azerbaijan,AZE
137,Kinare,Extinct,Kenya,KEN
822,Klamath-Modoc,Extinct,United States of America,USA
828,Konomihu,Extinct,United States of America,USA
100,Kore,Extinct,Kenya,KEN
485,Kott,Extinct,Russian Federation,RUS
618,Krenjê,Extinct,Brazil,BRA
1354,Krevin,Extinct,Latvia,LVA
2046,Kulun,Extinct,China,CHN
189,Kurtjar,Extinct,Australia,AUS
121,Kw'adza,Extinct,United Republic of Tanzania,TZA
124,Kwadi,Extinct,Angola,ANG
125,Kwisi,Extinct,Angola,ANG
460,Kyakala,Extinct,China,CHN
2134,Laghu,Extinct,Solomon Islands,SLB
1149,Langthang Tibetan,Definitely endangered,Nepal,NPL
301,Lenca,Extinct,El Salvador,SLV
301,Lenca,Extinct,Honduras,HND
111,Li-Ngbee,Extinct,Democratic Republic of the Congo,COD
2597,Liliali,Extinct,Indonesia,IDN
788,Lipan,Extinct,United States of America,USA
2204,Lishan Didan (Iran),Extinct,Iran (Islamic Republic of),IRN
2202,Lishana Deni (Iraq),Extinct,Iraq,IRQ
2184,Lishanid Noshan (Iraq),Extinct,Iraq,IRQ
1156,Loke Tibetan,Definitely endangered,Nepal,NPL
93,Lorkoti,Extinct,Kenya,KEN
796,Lower Chehalis,Extinct,United States of America,USA
2685,Mahigi,Extinct,Papua New Guinea,PNG
624,Máku,Extinct,Brazil,BRA
540,Malin,Extinct,Myanmar,MMR
2552,Mapia,Extinct,Indonesia,IDN
2647,Maragus,Extinct,Vanuatu,VUT
209,Marrgu,Extinct,Australia,AUS
1895,Matagalpa,Extinct,Nicaragua,NIC
488,Mator,Extinct,Russian Federation,RUS
781,Mattole,Extinct,United States of America,USA
771,Miami-Illinois,Extinct,United States of America,USA
839,Migueleño,Extinct,United States of America,USA
1813,Miraña (Brazil),Critically endangered,Brazil,BRA
630,Mirití Tapuia,Critically endangered,Brazil,BRA
2351,Mlahso (Syria),Extinct,Syrian Arab Republic,SYR
1987,Mlahso (Turkey),Extinct,Turkey,TUR
1295,Mo-peng,Extinct,Sierra Leone,SLE
631,Mochica,Extinct,Peru,PER
2600,Moksela,Extinct,Indonesia,IDN
825,Molala,Extinct,United States of America,USA
390,Mozarabic,Extinct,Spain,ESP
2687,Mulaha,Extinct,Papua New Guinea,PNG
1838,Múra,Extinct,Brazil,BRA
35,Nagumi,Extinct,Cameroon,CMR
2601,Naka'ela,Extinct,Indonesia,IDN
104,Napore,Extinct,Uganda,UGA
901,Natchez,Extinct,United States of America,USA
827,New River Shasta,Extinct,United States of America,USA
682,Ngarla,Extinct,Australia,AUS
39,Ngong,Extinct,Cameroon,CMR
2603,Nila (Nila Island),Extinct,Indonesia,IDN
813,Nisenan,Extinct,United States of America,USA
958,Nooksack,Extinct,United States of America,USA
361,Norn,Extinct,United Kingdom of Great Britain and Northern Ireland,GBR
831,Northeastern Pomo,Extinct,United States of America,USA
603,Nukiní,Extinct,Brazil,BRA
1257,Nupbikha,Vulnerable,Bhutan,BTN
105,Nyang'i,Extinct,Uganda,UGA
852,Obispeño,Extinct,United States of America,USA
31,Odut,Extinct,Nigeria,NGA
395,Old Prussian,Extinct,Russian Federation,RUS
158,Old Sirenik,Extinct,Russian Federation,RUS
1782,Omagua (Brazil),Critically endangered,Brazil,BRA
639,Ona,Extinct,Argentina,ARG
1432,Ongkor Solon,Extinct,China,CHN
305,Opon-Carare,Extinct,Colombia,COL
2281,Orang Kanaq,Extinct,Malaysia,MYS
2606,Palumata,Extinct,Indonesia,IDN
962,Panobo,Extinct,Peru,PER
2044,Papora,Extinct,China,CHN
2399,Pentlatch,Extinct,Canada,CAN
547,Phalok,Extinct,Thailand,THA
645,Pijao,Extinct,Colombia,COL
2608,Piru,Extinct,Indonesia,IDN
403,Polabian,Extinct,Germany,DEU
1610,Pumpokol,Extinct,Russian Federation,RUS
853,Purisimeño,Extinct,United States of America,USA
551,Pyu,Extinct,Myanmar,MMR
1549,Quapaw,Extinct,United States of America,USA
791,Quileute,Extinct,United States of America,USA
87,Qwarenya,Extinct,Ethiopia,ETH
443,Rangkas,Extinct,India,IND
1288,Sanhaja of Srair,Critically endangered,Morocco,MAR
1314,Sei,Extinct,Sierra Leone,SLE
1291,Sened,Extinct,Tunisia,TUN
558,Sengmai,Extinct,India,IND
866,Serrano,Extinct,United States of America,USA
2621,Seru,Extinct,Malaysia,MYS
689,Seward Peninsula Inupiaq (Big Diomede Island),Extinct,Russian Federation,RUS
108,Singa,Extinct,Uganda,UGA
2049,Siraiya,Extinct,China,CHN
2161,Sishee,Extinct,New Caledonia (France),NCL
806,Siuslaw,Extinct,United States of America,USA
413,Slovincian,Extinct,Poland,POL
832,Southeastern Pomo,Extinct,United States of America,USA
499,Southern Kamchadal,Extinct,Russian Federation,RUS
677,Southern Khanty,Extinct,Russian Federation,RUS
678,Southern Mansi,Extinct,Russian Federation,RUS
1449,Soyot,Extinct,Russian Federation,RUS
1896,Subtiaba,Extinct,Nicaragua,NIC
560,Taman,Extinct,Myanmar,MMR
2568,Tandia,Extinct,Indonesia,IDN
2043,Taokas,Extinct,China,CHN
2612,Te'un (Te'un Island),Extinct,Indonesia,IDN
2064,Tetete,Extinct,Ecuador,ECU
799,Tillamook,Extinct,United States of America,USA
1738,Togoyo,Extinct,Sudan,SDN
16,Tonjon,Extinct,Côte d'Ivoire,CIV
1815,Torá,Extinct,Brazil,BRA
2400,Tsetsaut,Extinct,Canada,CAN
1534,Tunica,Extinct,United States of America,USA
778,Tututni,Extinct,United States of America,USA
794,Twana,Extinct,United States of America,USA
644,Ubykh (Caucasus),Extinct,Russian Federation,RUS
1062,Ubykh (Turkey),Extinct,Turkey,TUR
1811,Umutina,Extinct,Brazil,BRA
797,Upper Chehalis,Extinct,United States of America,USA
777,Upper Umpqua,Extinct,United States of America,USA
2709,Uruava,Extinct,Papua New Guinea,PNG
1624,Urupá,Extinct,Brazil,BRA
856,Ventureño,Extinct,United States of America,USA
662,Vilela,Extinct,Argentina,ARG
319,Wanai,Critically endangered,Venezuela (Bolivarian Republic of),VEN
2086,Wangkumara,Critically endangered,Australia,AUS
850,Wappo,Extinct,United States of America,USA
722,Western Mansi,Extinct,Russian Federation,RUS
774,Wiyot,Extinct,United States of America,USA
1881,Xakriabá,Extinct,Brazil,BRA
94,Yaaku,Extinct,Kenya,KEN
754,Yameo,Extinct,Peru,PER
252,Yir Yoront,Extinct,Australia,AUS
2713,Yoba,Extinct,Papua New Guinea,PNG
1601,Yola,Extinct,Ireland,IRL
509,Yug,Extinct,Russian Federation,RUS
849,Yuki,Extinct,United States of America,USA
510,Yurats,Extinct,Russian Federation,RUS
610,Yurutí (Brazil),Extinct,Brazil,BRA
21,Zeem,Extinct,Nigeria,NGA
131,|'Auni,Extinct,South Africa,ZAF
136,|Xam,Extinct,South Africa,ZAF
1443,ǁKu ǁ'e,Extinct,South Africa,ZAF
1445,ǁKx'au,Extinct,South Africa,ZAF
130,ǁXegwi,Extinct,South Africa,ZAF
1177,A'tong,Severely endangered,India,IND
2186,Aché,Definitely endangered,Paraguay,PRY
118,Akie,Critically endangered,United Republic of Tanzania,TZA
1993,Akuriyo,Critically endangered,Suriname,SUR
1011,Alemannic,Vulnerable,Germany,DEU
1011,Alemannic,Vulnerable,Austria,AUT
1011,Alemannic,Vulnerable,France,FRA
1011,Alemannic,Vulnerable,Italy,ITA
1011,Alemannic,Vulnerable,Liechtenstein,LIE
1011,Alemannic,Vulnerable,Switzerland,CHE
1975,Amami,Definitely endangered,Japan,JPN
2477,Amok,Critically endangered,China,CHN
2477,Amok,Critically endangered,Lao People's Democratic Republic,LAO
2477,Amok,Critically endangered,Myanmar,MMR
2477,Amok,Critically endangered,Thailand,THA
2478,Angku,Critically endangered,Myanmar,MMR
333,Auvergnat,Severely endangered,France,FRA
2714,Balti,Vulnerable,India,IND
2714,Balti,Vulnerable,Pakistan,PAK
1334,Baraba Tatar,Severely endangered,Russian Federation,RUS
1961,Baré (Venezuela),Critically endangered,Venezuela (Bolivarian Republic of),VEN
1019,Bavarian,Vulnerable,Germany,DEU
1019,Bavarian,Vulnerable,Austria,AUT
1019,Bavarian,Vulnerable,Hungary,HUN
1019,Bavarian,Vulnerable,Italy,ITA
1019,Bavarian,Vulnerable,Switzerland,CHE
1019,Bavarian,Vulnerable,Czech Republic,CZE
2087,Bay Islands Creole,Critically endangered,Honduras,HND
1581,Bellari,Critically endangered,India,IND
2062,Berbice Dutch Creole,Critically endangered,Guyana,GUY
1607,Bhalesi,Definitely endangered,India,IND
2465,Brao,Severely endangered,Cambodia,KHM
2465,Brao,Severely endangered,Lao People's Democratic Republic,LAO
2465,Brao,Severely endangered,Viet Nam,VNM
2396,Bungee,Critically endangered,Canada,CAN
1521,Burgundian,Severely endangered,France,FRA
2016,Cabiyarí,Critically endangered,Colombia,COL
2185,Cappadocian Greek (Greece),Critically endangered,Greece,GRC
2038,Carabayo,Extinct,Colombia,COL
1659,Cavineña,Definitely endangered,Bolivia (Plurinational State of),BOL
804,Cayuga (Canada),Critically endangered,Canada,CAN
2486,Central Asian Arabic,Definitely endangered,Uzbekistan,UZB
2486,Central Asian Arabic,Definitely endangered,Tajikistan,TJK
2486,Central Asian Arabic,Definitely endangered,Afghanistan,AFG
1520,Champenois,Severely endangered,Belgium,BEL
1520,Champenois,Severely endangered,France,FRA
697,Chichimec,Vulnerable,Mexico,MEX
256,Chinook Jargon,Critically endangered,United States of America,USA
888,Chiwere,Extinct,United States of America,USA
2464,Chuang,Critically endangered,Cambodia,KHM
367,Corfiot Italkian,Critically endangered,Greece,GRC
339,Cornish,Critically endangered,United Kingdom of Great Britain and Northern Ireland,GBR
1335,Crimean Turkish,Severely endangered,Ukraine,UKR
2004,Desano (Colombia),Definitely endangered,Colombia,COL
2217,Domari,Severely endangered,Egypt,EGY
2217,Domari,Severely endangered,Israel,ISR
2217,Domari,Severely endangered,Jordan,JOR
2217,Domari,Severely endangered,Lebanon,LBN
2217,Domari,Severely endangered,Libyan Arab Jamahiriya,LBY
2217,Domari,Severely endangered,Palestine,PSE
2217,Domari,Severely endangered,Syrian Arab Republic,SYR
1596,East Franconian,Vulnerable,Germany,DEU
1596,East Franconian,Vulnerable,Czech Republic,CZE
721,Eastern Mansi,Critically endangered,Russian Federation,RUS
2474,En,Critically endangered,Myanmar,MMR
478,Even (Kamtchatka),Severely endangered,Russian Federation,RUS
471,Even (Siberia),Severely endangered,Russian Federation,RUS
674,Evenki (Northern Siberia),Severely endangered,Russian Federation,RUS
495,Evenki (Sakhalin),Severely endangered,Russian Federation,RUS
2450,Evenki (Southern Siberia),Severely endangered,Mongolia,MNG
2450,Evenki (Southern Siberia),Severely endangered,Russian Federation,RUS
2215,Figuig,Vulnerable,Morocco,MAR
1522,Franc-Comtois,Severely endangered,France,FRA
1522,Franc-Comtois,Severely endangered,Switzerland,CHE
354,Gagauz (Deli Orman),Critically endangered,Bulgaria,BGR
673,Gagauz (South Balkans),Severely endangered,Greece,GRC
673,Gagauz (South Balkans),Severely endangered,The former Yugoslav Republic of Macedonia,MKD
673,Gagauz (South Balkans),Severely endangered,Turkey,TUR
2456,Gangou,Severely endangered,China,CHN
1346,Gottscheerish,Critically endangered,Slovenia,SVN
2052,Guaná,Critically endangered,Paraguay,PRY
2395,Han (Canada),Critically endangered,Canada,CAN
1493,Homshetsma (Caucasus),Severely endangered,Georgia,GEO
1493,Homshetsma (Caucasus),Severely endangered,Russian Federation,RUS
1492,Homshetsma (Turkey),Definitely endangered,Turkey,TUR
2203,Hulaula (Iran),Extinct,Iran (Islamic Republic of),IRN
2397,Huron-Wyandot (Canada),Critically endangered,Canada,CAN
2717,Jad,Definitely endangered,India,IND
2717,Jad,Definitely endangered,Pakistan,PAK
2469,Jahai,Critically endangered,Malaysia,MYS
2588,Javindo Creole,Critically endangered,Indonesia,IDN
2724,Jeju,Critically endangered,Republic of Korea,KOR
2019,Jitnu,Definitely endangered,Colombia,COL
374,Judezmo (Europe),Severely endangered,Albania,ALB
374,Judezmo (Europe),Severely endangered,Algeria,DZA
374,Judezmo (Europe),Severely endangered,Bosnia and Herzegovina,BIH
374,Judezmo (Europe),Severely endangered,Bulgaria,BGR
374,Judezmo (Europe),Severely endangered,Croatia,HRV
374,Judezmo (Europe),Severely endangered,Greece,GRC
374,Judezmo (Europe),Severely endangered,The former Yugoslav Republic of Macedonia,MKD
374,Judezmo (Europe),Severely endangered,Morocco,MAR
374,Judezmo (Europe),Severely endangered,Romania,ROU
374,Judezmo (Europe),Severely endangered,Turkey,TUR
374,Judezmo (Europe),Severely endangered,Serbia,SRB
2216,Juhur (Israel),Definitely endangered,Israel,ISR
1938,Kaurna,Critically endangered,Australia,AUS
2298,Kensiw (Malaysia),Critically endangered,Malaysia,MYS
2297,Kentak,Critically endangered,Malaysia,MYS
1608,Khasali,Definitely endangered,India,IND
1598,Kili,Severely endangered,Russian Federation,RUS
2723,Koro,Definitely endangered,India,IND
2467,Kraol,Critically endangered,Cambodia,KHM
2466,Kravet,Critically endangered,Cambodia,KHM
2460,Krueng,Severely endangered,Cambodia,KHM
2463,Kuay,Severely endangered,Cambodia,KHM
1974,Kunigami,Definitely endangered,Japan,JPN
140,Lakota,Critically endangered,Canada,CAN
537,Langrong,Critically endangered,India,IND
622,Lengua,Severely endangered,Paraguay,PRY
380,Livonian,Critically endangered,Latvia,LVA
1519,Lorrain,Severely endangered,Belgium,BEL
1519,Lorrain,Severely endangered,France,FRA
1497,Lua,Definitely endangered,Thailand,THA
2007,Macaguaje,Extinct,Colombia,COL
2005,Macuna (Colombia),Definitely endangered,Colombia,COL
623,Maká,Definitely endangered,Paraguay,PRY
1579,Manda,Critically endangered,India,IND
387,Manx,Critically endangered,United Kingdom of Great Britain and Northern Ireland,GBR
1992,Mawayana (Guyana),Critically endangered,Guyana,GUY
2468,Menri',Critically endangered,Malaysia,MYS
695,Michif,Critically endangered,Canada,CAN
2020,Miraña (Colombia),Severely endangered,Colombia,COL
1973,Miyako,Definitely endangered,Japan,JPN
1243,Mohawk (Ganienkeh),Definitely endangered,United States of America,USA
2517,Mohawk (Kahnawake),Definitely endangered,Canada,CAN
264,Mohawk (Kanatsiohareke),Definitely endangered,United States of America,USA
1381,Mohawk (Kanesatake),Definitely endangered,Canada,CAN
2516,Mohawk (Six nations),Definitely endangered,Canada,CAN
1325,Mohawk (Tyendinega),Definitely endangered,Canada,CAN
1324,Mohawk (Wahta),Definitely endangered,Canada,CAN
2208,Mok (Lao PDR),Definitely endangered,Lao People's Democratic Republic,LAO
2089,Mosquitia Creole,Definitely endangered,Nicaragua,NIC
2022,Muinane,Definitely endangered,Colombia,COL
265,Munsee (United States of America),Critically endangered,United States of America,USA
2189,Nivaclé,Vulnerable,Paraguay,PRY
464,Nivkh (Amur),Critically endangered,Russian Federation,RUS
348,Nogay (Crimea),Severely endangered,Ukraine,UKR
391,Nogay (Dobruja),Severely endangered,Romania,ROU
2021,Nonuya,Critically endangered,Colombia,COL
392,Norman,Severely endangered,France,FRA
500,Northern Altay,Severely endangered,Russian Federation,RUS
262,Northern Haida,Critically endangered,Canada,CAN
262,Northern Haida,Critically endangered,United States of America,USA
930,Northwestern Otomí,Vulnerable,Mexico,MEX
1998,Nukak,Definitely endangered,Colombia,COL
1976,Okinawan,Definitely endangered,Japan,JPN
2368,Oneida (Canada),Critically endangered,Canada,CAN
2368,Oneida (Canada),Critically endangered,United States of America,USA
2369,Onondaga (Canada),Critically endangered,Canada,CAN
2369,Onondaga (Canada),Critically endangered,United States of America,USA
1566,Padri,Vulnerable,India,IND
2470,Palaung,Severely endangered,Myanmar,MMR
2471,Pale,Severely endangered,Myanmar,MMR
2094,Panamanian Creole,Definitely endangered,Panama,PAN
2479,Pashayi,Vulnerable,Afghanistan,AFG
2589,Peco' Creole,Critically endangered,Indonesia,IDN
2459,Phnong,Severely endangered,Cambodia,KHM
402,Poitevin-Saintongeais,Severely endangered,France,FRA
2371,Potawatomi (Canada),Critically endangered,Canada,CAN
2718,Purik,Vulnerable,India,IND
2718,Purik,Vulnerable,Pakistan,PAK
795,Quinault,Extinct,United States of America,USA
2092,Rama Cay Creole,Definitely endangered,Nicaragua,NIC
1911,Reyesano,Critically endangered,Bolivia (Plurinational State of),BOL
1478,Rhenish Franconian,Vulnerable,Germany,DEU
1478,Rhenish Franconian,Vulnerable,France,FRA
2472,Riang,Critically endangered,Myanmar,MMR
2398,Rigolet Inuktitut,Critically endangered,Canada,CAN
2473,Rumai,Severely endangered,Myanmar,MMR
2457,Samrai,Critically endangered,Cambodia,KHM
2063,San Andres Creole,Vulnerable,Colombia,COL
2053,Sanapaná,Definitely endangered,Paraguay,PRY
409,Scanian,Vulnerable,Denmark,DNK
409,Scanian,Vulnerable,Sweden,SWE
2378,Seneca (Canada),Critically endangered,Canada,CAN
680,Siberian Tatar,Definitely endangered,Russian Federation,RUS
1994,Sikïiyana,Critically endangered,Suriname,SUR
2008,Siriano (Colombia),Definitely endangered,Colombia,COL
2462,So-ng,Critically endangered,Cambodia,KHM
97,Sogoo,Extinct,Kenya,KEN
672,South Jutish,Definitely endangered,Germany,DEU
672,South Jutish,Definitely endangered,Denmark,DNK
1473,Southern Paiute,Severely endangered,United States of America,USA
2715,Spiti,Vulnerable,India,IND
2715,Spiti,Vulnerable,Pakistan,PAK
2383,Squamish,Critically endangered,Canada,CAN
2461,Stieng,Severely endangered,Cambodia,KHM
1951,Tacana,Definitely endangered,Bolivia (Plurinational State of),BOL
2386,Tagish,Critically endangered,Canada,CAN
2476,Tailoi,Critically endangered,Myanmar,MMR
2011,Tanimuca-Letuama,Severely endangered,Colombia,COL
1960,Tapieté,Severely endangered,Argentina,ARG
1960,Tapieté,Severely endangered,Bolivia (Plurinational State of),BOL
1960,Tapieté,Severely endangered,Paraguay,PRY
2017,Tariana (Colombia),Critically endangered,Colombia,COL
1982,Taruma,Critically endangered,Guyana,GUY
3,Tasnusit,Severely endangered,Algeria,DZA
1059,Tat,Severely endangered,Azerbaijan,AZE
1495,Tati,Definitely endangered,Iran (Islamic Republic of),IRN
2012,Tatuyo,Definitely endangered,Colombia,COL
457,Tazy,Severely endangered,Russian Federation,RUS
2458,Tempuan,Severely endangered,Cambodia,KHM
2188,Toba-Maskoy,Severely endangered,Paraguay,PRY
447,Tolcha,Extinct,India,IND
2182,Touggourt Tamazight,Severely endangered,Algeria,DZA
2009,Tucano (Colombia),Vulnerable,Colombia,COL
2453,Tunisian Judeo-Arabic (Israel),Severely endangered,Israel,ISR
2391,Tuscarora (Canada),Critically endangered,Canada,CAN
2013,Tuyuca (Colombia),Definitely endangered,Colombia,COL
2192,Udi (Georgia),Severely endangered,Georgia,GEO
280,Unami,Extinct,United States of America,USA
2392,Upper Tanana (Canada),Critically endangered,Canada,CAN
1336,Urum,Definitely endangered,Georgia,GEO
1336,Urum,Definitely endangered,Russian Federation,RUS
1336,Urum,Definitely endangered,Ukraine,UKR
2475,Wa,Severely endangered,Myanmar,MMR
2014,Wanano / Kotiria (Colombia),Definitely endangered,Colombia,COL
2393,Western Abenaki (Canada),Critically endangered,Canada,CAN
283,Western Abenaki (United States of America),Extinct,United States of America,USA
2093,Wichi,Vulnerable,Argentina,ARG
2093,Wichi,Vulnerable,Bolivia (Plurinational State of),BOL
1971,Yaeyama,Severely endangered,Japan,JPN
1365,Yazva Komi,Severely endangered,Russian Federation,RUS
428,Yiddish (Europe),Definitely endangered,Germany,DEU
428,Yiddish (Europe),Definitely endangered,Austria,AUT
428,Yiddish (Europe),Definitely endangered,Belarus,BLR
428,Yiddish (Europe),Definitely endangered,Belgium,BEL
428,Yiddish (Europe),Definitely endangered,Denmark,DNK
428,Yiddish (Europe),Definitely endangered,Estonia,EST
428,Yiddish (Europe),Definitely endangered,Finland,FIN
428,Yiddish (Europe),Definitely endangered,France,FRA
428,Yiddish (Europe),Definitely endangered,Hungary,HUN
428,Yiddish (Europe),Definitely endangered,Italy,ITA
428,Yiddish (Europe),Definitely endangered,Latvia,LVA
428,Yiddish (Europe),Definitely endangered,Lithuania,LTU
428,Yiddish (Europe),Definitely endangered,Luxembourg,LUX
428,Yiddish (Europe),Definitely endangered,Republic of Moldova,MDA
428,Yiddish (Europe),Definitely endangered,Norway,NOR
428,Yiddish (Europe),Definitely endangered,Netherlands,NLD
428,Yiddish (Europe),Definitely endangered,Poland,POL
428,Yiddish (Europe),Definitely endangered,Romania,ROU
428,Yiddish (Europe),Definitely endangered,United Kingdom of Great Britain and Northern Ireland,GBR
428,Yiddish (Europe),Definitely endangered,Russian Federation,RUS
428,Yiddish (Europe),Definitely endangered,Slovakia,SVK
428,Yiddish (Europe),Definitely endangered,Sweden,SWE
428,Yiddish (Europe),Definitely endangered,Switzerland,CHE
428,Yiddish (Europe),Definitely endangered,Czech Republic,CZE
428,Yiddish (Europe),Definitely endangered,Ukraine,UKR
1972,Yonaguni,Severely endangered,Japan,JPN
2018,Yucuna,Definitely endangered,Colombia,COL
2015,Yurutí (Colombia),Definitely endangered,Colombia,COL
2716,Zangskari,Definitely endangered,India,IND
2716,Zangskari,Definitely endangered,Pakistan,PAK
2177,Zidgali,Critically endangered,Oman,OMN
